Rk;Squad;Country;LgRk;MP;W;D;L;GF;GA;GD;Pts;Pts/MP;xG;xGA;xGD;xGD/90;Attendance;Top Team Scorer;Goalkeeper;Anno;# Pl;Poss;90s;Touches;Def Pen;Def 3rd;Mid 3rd;Att 3rd;Att Pen;Live;Succ;Att;Succ%;Mis;Dis;Rec;Prog
90;Alavés;es ESP;20;38;8;7;23;31;65;-34;31;0.82;41.1;64.6;-23.4;-0.62;10952;Joselu - 14;Fernando Pacheco;21-22;33;42;38;18239;2225;6202;8058;4181;601;18232;271;504;53.8;616;278;9503;683
69;Angers;fr FRA;14;38;10;11;17;44;55;-11;41;1.08;49.6;55.3;-5.7;-0.15;7758;Sofiane Boufal - 8;Danijel Petkovi?;21-22;30;48.4;38;22975;2195;7992;10842;4405;579;22966;401;839;47.8;727;373;15120;980
88;Arminia;de GER;17;34;5;13;16;27;53;-26;28;0.82;32.5;70.6;-38.1;-1.12;16773;Masaya Okugawa - 8;Stefan Ortega;21-22;26;40.7;34;17533;2301;6763;7249;3737;550;17531;284;568;50;618;306;9206;682
19;Arsenal;eng ENG;5;38;22;3;13;61;48;13;69;1.82;67.3;51.2;16;0.42;59665;Bukayo Saka - 11;Aaron Ramsdale;21-22;27;52.8;38;23628;2229;7136;10298;6399;962;23621;319;590;54.1;557;336;15988;1058
63;Aston Villa;eng ENG;14;38;13;6;19;52;54;-2;45;1.18;47.9;54.4;-6.5;-0.17;41681;Ollie Watkins - 11;Emiliano Martínez;21-22;31;46.5;38;20477;2409;6868;8846;4984;814;20474;333;587;56.7;595;344;12580;916
34;Atalanta;it ITA;8;38;16;11;11;65;48;17;59;1.55;71.2;50.4;20.8;0.55;10447;Mario Pašali? - 13;Juan Musso;21-22;32;55;38;25437;1873;6726;11547;7432;1125;25431;372;679;54.8;696;376;16893;1323
39;Athletic Club;es ESP;8;38;14;13;11;43;36;7;55;1.45;54.4;43.4;11;0.29;32949;Iñaki Williams - 8;Unai Simón;21-22;26;48.1;38;21164;2069;6216;9489;5675;803;21157;297;530;56;569;341;12771;1119
15;Atlético Madrid;es ESP;3;38;21;8;9;65;43;22;71;1.87;58.6;38.7;19.9;0.52;48039;Ángel Correa - 12;Jan Oblak;21-22;26;50.6;38;22888;2006;6771;10682;5624;852;22883;383;600;63.8;555;353;14879;1029
65;Augsburg;de GER;14;34;10;8;16;39;56;-17;38;1.12;40.7;64.5;-23.8;-0.7;15197;Michael Gregoritsch - 9;Rafa? Gikiewicz;21-22;26;41.5;34;16948;2234;6472;6988;3701;603;16943;262;511;51.3;597;298;9026;657
11;Barcelona;es ESP;2;38;21;10;7;68;38;30;73;1.92;67.7;39.8;27.9;0.73;53982;Memphis - 12;Marc-André ter Stegen;21-22;38;64.2;38;28599;2231;7060;14269;7478;1037;28592;474;747;63.5;623;358;21236;1383
3;Bayern Munich;de GER;1;34;24;5;5;97;37;60;77;2.26;95.4;39.5;56;1.65;33176;Robert Lewandowski - 35;Manuel Neuer;21-22;30;64.5;34;27523;2047;7342;13149;7291;1256;27518;493;832;59.3;598;338;19868;1674
23;Betis;es ESP;5;38;19;8;11;62;40;22;65;1.71;59;48.8;10.2;0.27;41749;Juanmi - 16;Rui Silva;21-22;31;53.7;38;23532;2305;7314;10899;5521;822;23526;372;655;56.8;588;364;15479;1065
58;Bochum;de GER;13;34;12;6;16;38;52;-14;42;1.24;47.5;60.3;-12.7;-0.37;14236;Sebastian Polter - 10;Manuel Riemann;21-22;28;44.7;34;17867;2414;6793;7472;3831;585;17861;233;461;50.5;615;286;9613;717
62;Bologna;it ITA;13;38;12;10;16;44;55;-11;46;1.21;48.1;59.7;-11.6;-0.31;14158;Marko Arnautovi? - 14;?ukasz Skorupski;21-22;36;50.6;38;22039;2583;7500;9871;4881;627;22034;326;598;54.5;563;302;14225;890
91;Bordeaux;fr FRA;20;38;6;13;19;52;91;-39;31;0.82;49.4;72.8;-23.4;-0.61;22141;Hwang Ui-jo - 11;Benoît Costil;21-22;39;47.4;38;21474;2363;7603;9984;4135;639;21470;355;657;54;676;313;13333;957
61;Brentford;eng ENG;13;38;13;7;18;48;56;-8;46;1.21;51.1;54;-2.8;-0.07;16918;Ivan Toney - 12;David Raya;21-22;29;44.8;38;20340;2790;7848;8156;4515;807;20334;262;476;55;563;291;11492;869
53;Brest;fr FRA;11;38;13;9;16;49;57;-8;48;1.26;48.9;64.3;-15.4;-0.41;11804;Franck Honorat - 11;Marco Bizot;21-22;25;43.9;38;20601;2285;6760;9210;4878;692;20593;315;640;49.2;665;312;12480;937
45;Brighton;eng ENG;9;38;12;15;11;42;44;-2;51;1.34;53;49.8;3.2;0.08;30966;Leandro Trossard, Neal Maupay - 8;Robert Sánchez;21-22;26;54.4;38;24676;2636;8026;10462;6403;861;24669;317;559;56.7;598;349;16197;1044
85;Burnley;eng ENG;18;38;7;14;17;34;53;-19;35;0.92;43.8;63.8;-20;-0.53;19278;Maxwel Cornet - 9;Nick Pope;21-22;23;40.2;38;18254;2240;5824;8007;4637;659;18252;258;479;53.9;539;291;9285;708
73;Cádiz;es ESP;17;38;8;15;15;35;51;-16;39;1.03;45.1;55;-9.9;-0.26;14055;Anthony Lozano, Álvaro Negredo - 7;Jeremías Ledesma;21-22;33;41.3;38;18480;2217;6516;7853;4322;636;18474;281;519;54.1;576;291;9963;715
93;Cagliari;it ITA;18;38;6;12;20;34;68;-34;30;0.79;42.9;64.6;-21.7;-0.57;9718;João Pedro - 13;Alessio Cragno;21-22;33;44.5;38;19741;2389;6897;8677;4382;634;19737;252;479;52.6;572;261;11299;763
59;Celta Vigo;es ESP;11;38;12;10;16;43;43;0;46;1.21;46.7;49.6;-2.8;-0.07;10014;Iago Aspas - 18;Matías Dituro;21-22;25;55.2;38;24640;2273;7467;11725;5656;712;24634;346;591;58.5;572;310;15792;997
10;Chelsea;eng ENG;3;38;21;11;6;76;33;43;74;1.95;70.7;38.3;32.5;0.86;36443;Mason Mount - 11;Edouard Mendy;21-22;26;61.8;38;28796;2271;7904;13351;7779;1054;28787;364;624;58.3;591;383;20929;1315
84;Clermont Foot;fr FRA;17;38;9;9;20;38;69;-31;36;0.95;49.3;61.3;-12;-0.32;10569;Mohamed Lamine Bayo - 14;Ouparine Djoco;21-22;28;50;38;23313;2132;8055;10720;4785;662;23311;327;599;54.6;618;410;15522;1012
51;Crystal Palace;eng ENG;12;38;11;15;12;50;46;4;48;1.26;53.8;46;7.8;0.21;24588;Wilfried Zaha - 14;Vicente Guaita;21-22;24;51.1;38;23296;2754;8741;9925;4876;734;23288;383;688;55.7;671;471;14791;889
9;Dortmund;de GER;2;34;22;3;9;85;52;33;69;2.03;68;50.9;17.1;0.5;418;Erling Haaland - 22;Gregor Kobel;21-22;33;59.2;34;24676;2175;7520;12098;5243;825;24665;352;636;55.3;579;310;17217;1155
55;Eint Frankfurt;de GER;11;34;10;12;12;45;49;-4;42;1.24;48.7;52.8;-4.1;-0.12;26162;Rafael Borré - 8;Kevin Trapp;21-22;27;49.6;34;20917;2290;7022;9695;4417;662;20915;285;544;52.4;631;294;12442;935
67;Elche;es ESP;13;38;11;9;18;40;52;-12;42;1.11;36.3;64.8;-28.6;-0.75;1564;Pere Milla - 8;Édgar Badía;21-22;28;48.4;38;20713;2488;7633;9029;4242;493;20712;339;597;56.8;650;330;12778;743
70;Empoli;it ITA;14;38;10;11;17;50;70;-20;41;1.08;49.4;76.2;-26.8;-0.71;6356;Andrea Pinamonti - 13;Guglielmo Vicario;21-22;28;47.4;38;20728;2793;7095;8699;5162;786;20721;291;547;53.2;584;335;12596;1087
68;Espanyol;es ESP;14;38;10;12;16;40;53;-13;42;1.11;40.4;57;-16.6;-0.44;17362;Raúl de Tomás - 17;Diego López;21-22;34;46.9;38;20860;2606;7523;9132;4413;577;20855;373;616;60.6;563;331;13157;800
74;Everton;eng ENG;16;38;11;6;21;43;66;-23;39;1.03;47.5;60.9;-13.4;-0.35;38446;Richarlison - 10;Jordan Pickford;21-22;33;40;38;18937;2287;6399;7846;4932;725;18930;337;634;53.2;640;325;10202;784
29;Fiorentina;it ITA;7;38;19;5;14;59;51;8;62;1.63;65.6;46.1;19.5;0.51;21107;Dušan Vlahovi? - 17;Pietro Terracciano;21-22;28;57.7;38;24275;2416;8038;10773;5705;908;24263;301;542;55.5;618;275;17200;1080
31;Freiburg;de GER;6;34;15;10;9;58;46;12;55;1.62;55;50.8;4.2;0.12;18741;Vincenzo Grifo - 9;Mark Flekken;21-22;26;49;34;19370;2320;6631;8321;4594;737;19364;226;420;53.8;538;219;11437;903
94;Genoa;it ITA;19;38;4;16;18;27;60;-33;28;0.74;41.9;58.3;-16.4;-0.43;12326;Mattia Destro - 9;Salvatore Sirigu;21-22;40;43.9;38;20108;2408;6892;8994;4459;692;20101;302;581;52;732;373;11002;833
72;Getafe;es ESP;15;38;8;15;15;33;41;-8;39;1.03;33.4;42.2;-8.8;-0.23;8702;Enes Ünal - 16;David Soria;21-22;31;41.5;38;18531;2004;5983;8678;4072;545;18526;242;452;53.5;603;301;10119;659
77;Granada;es ESP;18;38;8;14;16;44;61;-17;38;1;45;64.5;-19.5;-0.51;1371;Jorge Molina - 10;Luís Maximiano;21-22;32;44.7;38;18945;2410;6707;8206;4213;588;18940;270;495;54.5;588;321;10398;753
98;Greuther Fürth;de GER;18;34;3;9;22;28;82;-54;18;0.53;33.7;67.5;-33.8;-0.99;7672;Branimir Hrgota - 9;Sascha Burchert;21-22;29;43.6;34;17830;2396;6670;7885;3468;498;17825;266;536;49.6;621;308;10013;751
41;Hellas Verona;it ITA;9;38;14;11;13;65;59;6;53;1.39;57.6;53.7;3.9;0.1;13894;Giovanni Simeone - 17;Lorenzo Montipò;21-22;31;50.6;38;21609;2173;6466;10020;5375;860;21601;313;590;53.1;683;383;12835;1093
80;Hertha BSC;de GER;16;34;9;6;19;37;71;-34;33;0.97;37.2;58.4;-21.1;-0.62;235;Stevan Joveti? - 6;Alexander Schwolow;21-22;36;43.7;34;17947;2262;6958;7812;3375;539;17944;281;526;53.4;537;316;10128;723
44;Hoffenheim;de GER;9;34;13;7;14;58;60;-2;46;1.35;62.9;58.1;4.9;0.14;11227;Georginio Rutter - 8;Oliver Baumann;21-22;32;53.2;34;21656;2385;7444;9411;4984;853;21656;250;526;47.5;551;241;14095;1083
7;Inter;it ITA;2;38;25;9;4;84;32;52;84;2.21;88.4;44.1;44.3;1.17;44473;Lautaro Martínez - 21;Samir Handanovi?;21-22;27;56.5;38;25529;2563;8069;11192;6499;1172;25518;255;471;54.1;544;245;18081;1288
17;Juventus;it ITA;4;38;20;10;8;57;37;20;70;1.84;57.3;42.8;14.5;0.38;22621;Paulo Dybala - 10;Wojciech Szcz?sny;21-22;32;51.5;38;23769;2489;7776;11002;5243;875;23762;367;637;57.6;607;312;16253;1068
35;Köln;de GER;7;34;14;10;10;52;49;3;52;1.53;56.2;56.2;0;0;31965;Anthony Modeste - 20;Marvin Schwäbe;21-22;26;54.8;34;20749;2455;7549;8814;4614;769;20748;252;509;49.5;584;258;12433;989
24;Lazio;it ITA;5;38;18;10;10;77;58;19;64;1.68;60.2;51.9;8.3;0.22;23263;Ciro Immobile - 27;Thomas Strakosha;21-22;27;55.4;38;26713;2493;8028;13267;5670;794;26704;334;610;54.8;555;273;19417;1042
78;Leeds United;eng ENG;17;38;9;11;18;42;79;-37;38;1;50.4;73.2;-22.8;-0.6;36308;Raphinha - 11;Illan Meslier;21-22;29;52.3;38;22567;2618;8526;9440;4844;779;22562;339;655;51.8;676;298;13782;1079
42;Leicester City;eng ENG;8;38;14;10;14;62;59;3;52;1.37;52.1;68.8;-16.7;-0.44;32493;Jamie Vardy - 15;Kasper Schmeichel;21-22;28;52;38;24211;2768;8536;11014;4876;733;24209;297;547;54.3;601;368;15942;984
28;Lens;fr FRA;7;38;17;11;10;62;48;14;62;1.63;57.7;49;8.6;0.23;2895;Arnaud Kalimuendo - 12;Jean-Louis Leca;21-22;28;50.7;38;24046;2060;6641;12350;5319;741;24041;345;594;58.1;619;336;16370;1229
86;Levante;es ESP;19;38;8;11;19;51;76;-25;35;0.92;61.2;60.9;0.3;0.01;14961;José Luis Morales - 13;Cárdenas;21-22;31;47.2;38;20355;2377;7383;8790;4447;704;20343;348;683;51;614;302;12396;942
12;Leverkusen;de GER;3;34;19;7;8;80;47;33;64;1.88;68.5;49.7;18.8;0.55;17356;Patrik Schick - 24;Lukáš Hrádecký;21-22;29;53.7;34;22083;2356;7507;10535;4286;787;22078;401;706;56.8;608;295;14520;1024
40;Lille;fr FRA;10;38;14;13;11;48;48;0;55;1.45;56.2;45.8;10.4;0.27;34346;Jonathan David - 15;Ivo Grbi?;21-22;26;50.8;38;22934;2116;6983;11025;5192;777;22929;313;620;50.5;655;347;14886;1051
2;Liverpool;eng ENG;2;38;28;8;2;94;26;68;92;2.42;95.1;37.3;57.8;1.52;53352;Mohamed Salah - 23;Alisson;21-22;27;62.7;38;29396;2127;7183;14124;8312;1359;29388;343;635;54;590;366;20941;1625
82;Lorient;fr FRA;16;38;8;12;18;35;63;-28;36;0.95;47.9;57.4;-9.5;-0.25;12738;Terem Moffi - 8;Paul Nardi;21-22;29;44.4;38;20879;2053;6864;9933;4300;591;20876;309;599;51.6;645;332;12974;916
32;Lyon;fr FRA;8;38;17;11;10;66;51;15;61;1.61;76.3;59;17.2;0.45;32329;Moussa Dembélé - 21;Anthony Lopes;21-22;30;58.4;38;27533;2273;7847;13746;6197;897;27525;488;813;60;704;408;19579;1292
49;M'Gladbach;de GER;10;34;12;9;13;54;61;-7;45;1.32;63.7;62.5;1.2;0.04;26539;Jonas Hofmann - 12;Yann Sommer;21-22;26;54;34;22136;2220;7638;10522;4166;749;22129;364;621;58.6;590;323;14567;1076
43;Mainz 05;de GER;8;34;13;7;14;50;45;5;46;1.35;56.4;48.2;8.2;0.24;17978;Jonathan Burkardt - 11;Robin Zentner;21-22;28;46.5;34;18970;1955;6492;8404;4284;746;18966;269;506;53.2;670;295;10582;897
75;Mallorca;es ESP;16;38;10;9;19;36;63;-27;39;1.03;44;54.3;-10.2;-0.27;12712;Vedat Muriqi, Salva Sevilla - 5;Manolo Reina;21-22;33;45.3;38;19186;2232;6589;8303;4545;641;19179;368;612;60.1;613;404;10841;795
1;Manchester City;eng ENG;1;38;29;6;3;99;26;73;93;2.45;96.6;26;70.5;1.86;52774;Kevin De Bruyne - 15;Ederson;21-22;26;67.9;38;31232;1844;6562;15245;9632;1494;31223;425;741;57.4;497;316;24119;1556
36;Manchester Utd;eng ENG;6;38;16;10;12;57;57;0;58;1.53;61.7;59.6;2.1;0.05;7315;Cristiano Ronaldo - 18;David de Gea;21-22;29;52.7;38;24490;2259;7378;11071;6260;875;24485;368;631;58.3;538;333;16510;1101
14;Marseille;fr FRA;2;38;21;8;9;63;38;25;71;1.87;63.3;41.2;22;0.58;51755;Dimitri Payet - 12;Pau López;21-22;27;61.7;38;27844;1931;7507;14145;6416;854;27834;307;573;53.6;569;328;20987;1211
89;Metz;fr FRA;19;38;6;13;19;35;69;-34;31;0.82;34.1;69.6;-35.5;-0.93;14876;Nicolas de Préville - 5;Alexandre Oukidja;21-22;36;42.9;38;20155;2206;7335;9553;3540;408;20154;334;609;54.8;710;364;11882;734
6;Milan;it ITA;1;38;26;8;4;69;31;38;86;2.26;68.2;40.4;27.8;0.73;44015;Olivier Giroud, Rafael Leão - 11;Mike Maignan;21-22;28;54;38;23360;2061;6810;10882;5979;977;23352;456;779;58.5;627;312;15462;1117
18;Monaco;fr FRA;3;38;20;9;9;65;40;25;69;1.82;66.1;45;21;0.55;5877;Wissam Ben Yedder - 25;Alexander Nübel;21-22;27;54.1;38;24480;2000;6589;12080;6054;931;24471;366;653;56;654;321;16107;1400
64;Montpellier;fr FRA;13;38;12;7;19;49;61;-12;43;1.13;45.7;64.1;-18.4;-0.48;10711;Sepe Elye Wahi - 10;Jonas Omlin;21-22;26;48.2;38;21795;2661;7967;9604;4443;565;21791;316;590;53.6;648;340;13755;992
38;Nantes;fr FRA;9;38;15;10;13;55;48;7;55;1.45;50.9;56.5;-5.6;-0.15;20803;Randal Kolo Muani - 12;Alban Lafont;21-22;26;43.9;38;20632;1992;6244;9729;4877;695;20627;333;676;49.3;586;352;12383;907
8;Napoli;it ITA;3;38;24;7;7;74;31;43;79;2.08;66.3;36.8;29.6;0.78;28119;Victor Osimhen - 14;David Ospina;21-22;27;58.3;38;26435;2263;7382;12965;6322;961;26422;357;595;60;525;294;19356;1151
50;Newcastle Utd;eng ENG;11;38;13;10;15;44;62;-18;49;1.29;44.4;62.4;-18;-0.47;51487;Callum Wilson - 8;Martin Dúbravka;21-22;29;40.4;38;18176;2311;6711;7433;4285;720;18173;359;632;56.8;622;359;10029;622
21;Nice;fr FRA;5;38;20;7;11;52;36;16;66;1.74;60.7;48.6;12.2;0.32;16055;Andy Delort - 16;Walter Benítez;21-22;27;51.5;38;23762;2042;6814;12190;5018;733;23752;387;699;55.4;635;349;15929;1024
97;Norwich City;eng ENG;20;38;5;7;26;23;84;-61;22;0.58;35.7;82.3;-46.6;-1.23;26836;Teemu Pukki - 11;Tim Krul;21-22;28;42.9;38;20105;2902;8215;8016;4114;593;20102;298;581;51.3;548;313;11961;755
57;Osasuna;es ESP;10;38;12;11;15;37;51;-14;47;1.24;40.3;48.8;-8.4;-0.22;17107;Ante Budimir - 8;Sergio Herrera;21-22;29;46.9;38;20435;2016;6055;9230;5334;688;20427;261;467;55.9;597;309;11716;928
4;Paris S-G;fr FRA;1;38;26;8;4;90;36;54;86;2.26;84.5;43.2;41.3;1.09;41589;Kylian Mbappé - 28;Keylor Navas;21-22;36;63;38;30302;2212;7242;15615;7682;1003;30294;489;871;56.1;554;348;23579;1403
66;Rayo Vallecano;es ESP;12;38;11;9;18;39;50;-11;42;1.11;50.2;51.9;-1.7;-0.05;7866;Sergi Guardiola - 8;Stole Dimitrievski;21-22;28;49.9;38;21150;2167;6582;9651;5176;729;21146;357;639;55.9;696;371;12555;932
22;RB Leipzig;de GER;4;34;17;7;10;72;37;35;58;1.71;69.5;43.9;25.6;0.75;22124;Christopher Nkunku - 20;Péter Gulácsi;21-22;29;56.1;34;23409;2047;6979;11465;5184;918;23400;347;561;61.9;647;356;15993;1170
5;Real Madrid;es ESP;1;38;26;8;4;80;31;49;86;2.26;78.9;48.2;30.7;0.81;41235;Karim Benzema - 27;Thibaut Courtois;21-22;31;59.9;38;28231;2398;8139;12009;8330;1189;28219;456;780;58.5;495;277;21139;1330
30;Real Sociedad;es ESP;6;38;17;11;10;40;37;3;62;1.63;57.9;44.1;13.8;0.36;26813;Mikel Oyarzabal - 9;Álex Remiro;21-22;32;54.3;38;23265;2574;7485;10604;5416;844;23255;360;670;53.7;626;391;15105;1063
60;Reims;fr FRA;12;38;11;13;14;43;44;-1;46;1.21;43.9;54.4;-10.5;-0.28;11071;Hugo Ekitike - 10;Predrag Rajkovi?;21-22;35;42.2;38;20047;2498;7650;8494;4172;581;20042;329;594;55.4;701;324;11907;891
20;Rennes;fr FRA;4;38;20;6;12;82;40;42;66;1.74;69.9;47.4;22.4;0.59;25493;Martin Terrier - 21;Alfred Gomis;21-22;28;55.9;38;25057;2047;7033;12386;5860;886;25053;287;530;54.2;587;269;17423;1209
27;Roma;it ITA;6;38;18;9;11;59;43;16;63;1.66;70.3;41.8;28.5;0.75;41929;Tammy Abraham - 17;Rui Patrício;21-22;29;51.4;38;22758;2039;7022;10705;5285;936;22749;331;631;52.5;615;287;15010;1171
87;Saint-Étienne;fr FRA;18;38;7;11;20;42;77;-35;32;0.84;44.5;63.7;-19.2;-0.5;21806;Wahbi Khazri - 10;Paul Bernardoni;21-22;39;48.5;38;22148;2057;6997;10782;4664;598;22143;397;738;53.8;725;396;13687;970
92;Salernitana;it ITA;17;38;7;10;21;33;78;-45;31;0.82;42.2;71.2;-29;-0.76;15073;Federico Bonazzoli - 10;Vid Belec;21-22;42;41.2;38;18535;2351;6219;8206;4354;674;18530;314;586;53.6;616;330;10517;726
81;Sampdoria;it ITA;15;38;10;6;22;46;63;-17;36;0.95;41.2;62.2;-21;-0.55;9417;Francesco Caputo - 11;Emil Audero;21-22;34;46.1;38;20845;2664;7600;9107;4331;632;20842;228;422;54;543;270;12705;915
48;Sassuolo;it ITA;11;38;13;11;14;64;66;-2;50;1.32;62;72.4;-10.3;-0.27;8362;Gianluca Scamacca - 16;Andrea Consigli;21-22;29;54.9;38;24244;2658;8120;11128;5260;786;24237;403;678;59.4;601;386;16785;1137
16;Sevilla;es ESP;4;38;18;16;4;53;30;23;70;1.84;48.4;43.3;5.1;0.13;29756;Rafa Mir - 10;Yassine Bounou;21-22;33;59.4;38;25839;2692;8877;11337;5806;741;25836;305;588;51.9;589;326;18112;994
71;Southampton;eng ENG;15;38;9;13;16;43;67;-24;40;1.05;49.9;63.3;-13.4;-0.35;30134;James Ward-Prowse - 10;Fraser Forster;21-22;25;47.7;38;21305;2215;6530;9363;5666;818;21301;350;624;56.1;628;365;12306;941
83;Spezia;it ITA;16;38;10;6;22;41;71;-30;36;0.95;42.3;72.2;-29.9;-0.79;6709;Daniele Verde - 8;Ivan Provedel;21-22;30;42.7;38;19570;2655;7649;8026;4124;582;19565;292;546;53.5;649;353;11430;725
26;Strasbourg;fr FRA;6;38;17;12;9;60;43;17;63;1.66;62.5;50.7;11.8;0.31;23555;Ludovic Ajorque - 12;Matz Sels;21-22;26;49.5;38;22548;2021;6431;10857;5487;822;22540;272;498;54.6;589;300;14393;1152
79;Stuttgart;de GER;15;34;7;12;15;41;59;-18;33;0.97;49.5;61.6;-12;-0.35;27052;Sasa Kalajdzic - 6;Florian Müller;21-22;34;50.7;34;21441;2344;7253;10027;4428;666;21438;372;693;53.7;707;302;13594;967
47;Torino;it ITA;10;38;13;11;14;46;41;5;50;1.32;53.1;43.7;9.3;0.25;9846;Andrea Belotti - 8;Vanja Milinkovi?-Savi?;21-22;31;53.3;38;22075;1989;6321;10339;5633;730;22069;295;512;57.6;643;286;13708;880
13;Tottenham;eng ENG;4;38;22;5;11;69;40;29;71;1.87;66.5;45.3;21.2;0.56;56523;Son Heung-min - 23;Hugo Lloris;21-22;25;51.8;38;24712;2514;7995;11397;5567;855;24707;375;667;56.2;588;341;17010;1093
76;Troyes;fr FRA;15;38;9;11;18;37;53;-16;38;1;44;55.9;-11.9;-0.31;9491;Xavier Chavalerin, Ike Ugbo - 5;Gauthier Gallon;21-22;35;44.4;38;20708;2472;7809;8969;4175;522;20701;318;586;54.3;588;322;12914;892
54;Udinese;it ITA;12;38;11;14;13;61;58;3;47;1.24;58.2;57.1;1.1;0.03;12144;Gerard Deulofeu - 13;Marco Silvestri;21-22;29;42.7;38;19463;2297;6561;8377;4780;839;19459;363;680;53.4;653;334;11455;844
25;Union Berlin;de GER;5;34;16;9;9;50;44;6;57;1.68;53.9;42.8;11.1;0.33;14046;Taiwo Awoniyi - 15;Andreas Luthe;21-22;28;43.7;34;18437;2039;6518;8303;3831;646;18432;244;413;59.1;572;231;10523;845
52;Valencia;es ESP;9;38;11;15;12;48;53;-5;48;1.26;43.6;49;-5.4;-0.14;27349;Gonçalo Guedes, Carlos Soler - 11;Giorgi Mamardashvili;21-22;34;43.6;38;17789;1994;5783;7485;4764;624;17781;360;642;56.1;656;294;9450;810
95;Venezia;it ITA;20;38;6;9;23;34;69;-35;27;0.71;40.1;80.9;-40.8;-1.07;6648;Thomas Henry - 9;Niki Mäenpää;21-22;39;42.3;38;19556;2980;8131;7767;3885;543;19552;300;577;52;609;313;11390;768
33;Villarreal;es ESP;7;38;16;11;11;63;37;26;59;1.55;67.5;50.9;16.6;0.44;14293;Arnaut Groeneveld - 10;Gerónimo Rulli;21-22;29;56.8;38;24111;2439;7718;10741;5877;964;24105;452;748;60.4;570;332;16331;1203
96;Watford;eng ENG;19;38;6;5;27;34;77;-43;23;0.61;44.3;72.6;-28.2;-0.74;20614;Emmanuel Dennis - 10;Ben Foster;21-22;30;40.7;38;19050;2471;7232;7791;4274;612;19048;395;751;52.6;639;389;10238;755
37;West Ham;eng ENG;7;38;16;8;14;60;51;9;56;1.47;58;58.1;0;0;5837;Jarrod Bowen - 12;?ukasz Fabia?ski;21-22;25;47.9;38;22192;2438;6993;9962;5462;806;22186;306;545;56.1;521;293;14154;916
56;Wolfsburg;de GER;12;34;12;6;16;43;54;-11;42;1.24;51.1;52.5;-1.4;-0.04;12018;Lukas Nmecha - 8;Koen Casteels;21-22;30;50.5;34;20309;2348;7255;9291;3971;635;20305;319;541;59;603;284;12436;951
46;Wolves;eng ENG;10;38;15;6;17;38;43;-5;51;1.34;41.2;63.7;-22.5;-0.59;30841;Raúl Jiménez - 6;José Sá;21-22;26;49.5;38;23197;2659;8456;10147;4837;697;23196;450;771;58.4;598;341;15046;877
81;Alavés;es ESP;16;38;9;11;18;36;57;-21;38;1;42.6;49.9;-7.3;-0.19;0;Joselu - 11;Fernando Pacheco;20-21;30;42.8;38;18059;2108;6489;8043;3726;572;18051;254;467;54.4;557;256;10051;674
58;Angers;fr FRA;13;38;12;8;18;40;58;-18;44;1.16;41.6;52.3;-10.7;-0.28;0;Angelo Fulgini - 7;Paul Bernardoni;20-21;31;46.4;38;22797;1889;6970;11277;4815;568;22791;386;744;51.9;635;394;14688;1014
79;Arminia;de GER;15;34;9;8;17;26;52;-26;35;1.03;32.9;56.8;-23.9;-0.7;321;Fabian Klos, Ritsu Doan - 5;Stefan Ortega;20-21;26;42.3;34;18292;2539;7568;7516;3373;524;18290;233;435;53.6;557;262;10442;676
30;Arsenal;eng ENG;8;38;18;7;13;55;39;16;61;1.61;51.8;43;8.8;0.23;632;Alexandre Lacazette - 13;Bernd Leno;20-21;29;53.5;38;25293;2432;7967;11336;6179;907;25287;296;535;55.3;511;260;17849;1135
40;Aston Villa;eng ENG;11;38;16;7;15;55;46;9;55;1.45;52.5;51.1;1.4;0.04;526;Ollie Watkins - 14;Emiliano Martínez;20-21;24;48.5;38;20972;2576;6958;8565;5691;940;20966;369;595;62;579;337;12757;1008
10;Atalanta;it ITA;3;38;23;9;6;90;47;43;78;2.05;74.7;41;33.7;0.89;105;Luis Muriel - 22;Pierluigi Gollini;20-21;30;54.6;38;26213;1776;6632;12026;7815;1138;26206;396;707;56;680;406;17843;1550
50;Athletic Club;es ESP;10;38;11;13;14;46;42;4;46;1.21;43.1;37.7;5.4;0.14;0;Álex Berenguer - 8;Unai Simón;20-21;27;49.9;38;21272;1922;5863;10209;5407;676;21267;304;501;60.7;496;335;13406;1015
4;Atlético Madrid;es ESP;1;38;26;8;4;67;25;42;86;2.26;52.8;37.1;15.7;0.41;0;Luis Suárez - 21;Jan Oblak;20-21;25;52.3;38;24464;1972;6783;11999;5864;879;24458;374;588;63.6;503;342;16585;1167
72;Augsburg;de GER;13;34;10;6;18;36;54;-18;36;1.06;37.3;57.3;-20;-0.59;353;André Hahn - 8;Rafa? Gikiewicz;20-21;25;41.4;34;18065;2499;7270;7771;3238;488;18060;282;474;59.5;557;321;10119;760
8;Barcelona;es ESP;3;38;24;7;7;85;38;47;79;2.08;73.5;40.8;32.7;0.86;0;Lionel Messi - 30;Marc-André ter Stegen;20-21;25;65.5;38;31834;2243;7303;14863;9879;1207;31826;513;770;66.6;477;341;24944;1472
2;Bayern Munich;de GER;1;34;24;6;4;99;44;55;78;2.29;75.9;40.2;35.8;1.05;15;Robert Lewandowski - 41;Manuel Neuer;20-21;29;60.7;34;25666;1858;6646;11993;7281;1165;25656;437;690;63.3;656;349;18146;1445
89;Benevento;it ITA;18;38;7;12;19;40;75;-35;33;0.87;40.6;64.3;-23.6;-0.62;158;Gianluca Lapadula - 8;Lorenzo Montipò;20-21;29;42.6;38;19066;2352;7068;8143;4075;694;19059;273;452;60.4;513;289;11405;825
31;Betis;es ESP;6;38;17;10;11;50;50;0;61;1.61;49.1;46.8;2.2;0.06;0;Borja Iglesias - 11;Claudio Bravo;20-21;25;53.6;38;23512;2103;6929;11130;5678;783;23501;420;638;65.8;592;367;15612;958
70;Bologna;it ITA;12;38;10;11;17;51;65;-14;41;1.08;54.6;62.6;-7.9;-0.21;105;Roberto Soriano - 9;?ukasz Skorupski;20-21;37;50.8;38;22653;2736;7470;9985;5409;759;22649;345;628;54.9;598;305;14409;1079
54;Bordeaux;fr FRA;12;38;13;6;19;42;56;-14;45;1.18;43.5;54.9;-11.4;-0.3;0;Hwang Ui-jo - 12;Benoît Costil;20-21;28;49.8;38;23450;2361;7804;11492;4410;603;23446;391;679;57.6;614;396;15660;912
71;Brest;fr FRA;17;38;11;8;19;50;66;-16;41;1.08;50;58.1;-8.1;-0.21;0;Steve Mounié - 9;Gautier Larsonneur;20-21;26;49.3;38;23271;2620;8229;10166;5145;717;23267;383;613;62.5;561;285;15242;1004
68;Brighton;eng ENG;16;38;9;14;15;40;46;-6;41;1.08;50.9;35.3;15.6;0.41;523;Neal Maupay - 8;Robert Sánchez;20-21;27;51.1;38;23594;2483;7910;10192;5733;877;23585;350;573;61.1;549;306;15553;1049
78;Burnley;eng ENG;17;38;10;9;19;33;55;-22;39;1.03;39.3;54.7;-15.4;-0.4;178;Chris Wood - 12;Nick Pope;20-21;25;42.1;38;19292;2186;5786;9038;4639;689;19289;234;403;58.1;503;278;10666;784
59;Cádiz;es ESP;12;38;11;11;16;36;58;-22;44;1.16;34.7;55.4;-20.7;-0.54;0;Álvaro Negredo - 8;Jeremías Ledesma;20-21;34;34.8;38;15897;2116;5878;6688;3541;437;15893;321;513;62.6;561;294;7791;555
82;Cagliari;it ITA;16;38;9;10;19;43;59;-16;37;0.97;47.1;61.7;-14.6;-0.38;105;João Pedro - 16;Alessio Cragno;20-21;32;44.8;38;20853;2360;6998;9306;4809;709;20848;336;605;55.5;532;281;12844;859
43;Celta Vigo;es ESP;8;38;14;11;13;55;57;-2;53;1.39;50.4;51;-0.6;-0.02;91;Iago Aspas - 14;Iván Villar;20-21;30;53.3;38;23160;2448;7985;10675;4692;584;23153;276;465;59.4;533;279;14984;943
22;Chelsea;eng ENG;4;38;19;10;9;58;36;22;67;1.76;62.4;30.3;32.2;0.85;526;Jorginho - 7;Edouard Mendy;20-21;27;60.9;38;29654;2501;8831;13861;7191;1002;29644;359;657;54.6;585;286;21744;1250
95;Crotone;it ITA;19;38;6;5;27;45;92;-47;23;0.61;40.4;70.8;-30.5;-0.8;53;Simeon Nwankwo - 20;Alex Cordaz;20-21;31;46.3;38;21114;2913;8252;9145;3954;578;21105;385;623;61.8;610;366;13337;881
60;Crystal Palace;eng ENG;14;38;12;8;18;41;66;-25;44;1.16;34.1;58.2;-24.2;-0.64;447;Wilfried Zaha - 11;Vicente Guaita;20-21;24;40.6;38;19664;2195;6902;8645;4355;646;19660;365;645;56.6;596;402;11453;819
96;Dijon;fr FRA;20;38;4;9;25;25;73;-48;21;0.55;33.7;72.1;-38.4;-1.01;0;Mama Samba Baldé - 7;Anthony Racioppi;20-21;33;46.2;38;21851;2519;8128;10103;3863;492;21846;385;673;57.2;654;366;13782;924
18;Dortmund;de GER;3;34;20;4;10;75;46;29;64;1.88;66.2;41.6;24.6;0.72;1241;Erling Haaland - 27;Roman Bürki;20-21;26;59.6;34;25815;2079;7090;12622;6334;998;25809;400;630;63.5;532;294;18625;1300
91;Eibar;es ESP;20;38;6;12;20;29;52;-23;30;0.79;45.2;45.7;-0.5;-0.01;0;Kike - 12;Marko Dmitrovi?;20-21;30;49.3;38;20710;1772;5557;9520;5858;672;20700;320;519;61.7;657;320;11599;855
23;Eint Frankfurt;de GER;5;34;16;12;6;69;53;16;60;1.76;58.5;46.9;11.6;0.34;853;André Silva - 28;Kevin Trapp;20-21;25;53.7;34;22087;2241;6625;10601;5090;780;22079;277;514;53.9;565;312;14068;1160
85;Elche;es ESP;17;38;8;12;18;34;55;-21;36;0.95;29.9;60.9;-31;-0.82;185;Lucas Boyé - 7;Édgar Badía;20-21;30;47.5;38;20758;2581;8348;9110;3507;412;20755;365;618;59.1;614;345;13299;603
34;Everton;eng ENG;10;38;17;8;13;47;48;-1;59;1.55;45.7;50.1;-4.5;-0.12;368;Dominic Calvert-Lewin - 16;Jordan Pickford;20-21;29;46.4;38;22747;2728;8236;10229;4522;636;22742;362;591;61.3;552;344;14622;853
74;Fiorentina;it ITA;13;38;9;13;16;47;59;-12;40;1.05;44.9;61.5;-16.6;-0.44;105;Dušan Vlahovi? - 21;Bart?omiej Dr?gowski;20-21;30;46.3;38;20730;2097;6129;9656;5177;655;20724;325;575;56.5;561;422;13262;911
47;Freiburg;de GER;10;34;12;9;13;52;52;0;45;1.32;45.5;52.4;-6.9;-0.2;188;Vincenzo Grifo - 9;Florian Müller;20-21;24;47.3;34;19394;2362;7164;8331;4068;603;19388;230;423;54.4;531;231;11980;887
92;Fulham;eng ENG;18;38;5;13;20;27;53;-26;28;0.74;40.5;52.6;-12.1;-0.32;211;Bobby Reid - 5;Alphonse Areola;20-21;28;49.7;38;23639;2409;8037;10388;5494;718;23633;506;795;63.6;721;393;15193;939
66;Genoa;it ITA;11;38;10;12;16;47;58;-11;42;1.11;38.8;60.5;-21.7;-0.57;53;Mattia Destro - 11;Mattia Perin;20-21;34;44.8;38;21895;2595;7822;10076;4241;568;21891;294;541;54.3;589;305;13752;836
80;Getafe;es ESP;15;38;9;11;18;28;43;-15;38;1;34.4;40.3;-5.9;-0.16;0;Ángel Rodríguez, Jaime Mata - 5;David Soria;20-21;31;43.3;38;17567;1595;4686;7814;5307;663;17562;263;483;54.5;607;354;8812;752
52;Granada;es ESP;9;38;13;7;18;47;65;-18;46;1.21;41.1;56.2;-15;-0.4;0;Roberto Soldado - 9;Rui Silva;20-21;34;41.4;38;17011;2131;5992;7345;3869;520;17005;312;516;60.5;526;346;8909;671
53;Hellas Verona;it ITA;10;38;11;12;15;46;48;-2;45;1.18;46;51.4;-5.5;-0.14;579;Antonín Barák - 7;Marco Silvestri;20-21;32;49.8;38;21741;2199;6679;10159;5183;706;21738;303;495;61.2;594;316;12962;1065
76;Hertha BSC;de GER;14;34;8;11;15;41;52;-11;35;1.03;41.9;47.4;-5.6;-0.16;471;Jhon Córdoba, Krzysztof Pi?tek... - 7;Alexander Schwolow;20-21;32;49.6;34;19838;2074;6901;9294;3858;644;19832;329;571;57.6;563;310;12394;848
48;Hoffenheim;de GER;11;34;11;10;13;52;54;-2;43;1.26;51.9;53.1;-1.2;-0.04;361;Andrej Kramari? - 20;Oliver Baumann;20-21;30;51.2;34;21800;2274;7083;9967;4974;738;21794;279;553;50.5;613;280;14084;1159
88;Huesca;es ESP;18;38;7;13;18;34;53;-19;34;0.89;38.9;48.4;-9.5;-0.25;;Rafa Mir - 13;Álvaro Fernández;20-21;27;48.3;38;21139;2402;7944;9054;4413;590;21135;426;654;65.1;540;305;13317;772
1;Inter;it ITA;1;38;28;7;3;89;35;54;91;2.39;74.2;39.8;34.3;0.9;158;Romelu Lukaku - 24;Samir Handanovi?;20-21;25;52.5;38;25206;2421;7644;11534;6236;1012;25197;260;454;57.3;543;262;18130;1215
11;Juventus;it ITA;4;38;23;9;6;77;38;39;78;2.05;74.4;39.4;35;0.92;105;Cristiano Ronaldo - 29;Wojciech Szcz?sny;20-21;30;56.9;38;26927;2597;7954;12789;6438;1060;26917;451;684;65.9;581;300;19632;1258
84;Köln;de GER;16;34;8;9;17;34;60;-26;33;0.97;40.5;53.6;-13;-0.38;33;Ondrej Duda - 7;Timo Horn;20-21;28;46.3;34;19580;2349;7297;8589;3898;521;19574;238;420;56.7;576;264;11761;816
21;Lazio;it ITA;6;38;21;5;12;61;55;6;68;1.79;58.2;47.3;10.9;0.29;158;Ciro Immobile - 20;Pepe Reina;20-21;30;53;38;24765;2489;7648;11491;5882;874;24755;297;553;53.7;553;304;16712;1230
33;Leeds United;eng ENG;9;38;18;5;15;62;54;8;59;1.55;55.6;57.9;-2.2;-0.06;421;Patrick Bamford - 17;Illan Meslier;20-21;23;57.3;38;24691;2750;9021;10282;5617;874;24687;318;563;56.5;667;319;16053;1166
24;Leicester City;eng ENG;5;38;20;6;12;68;50;18;66;1.74;55.8;46;9.8;0.26;421;Jamie Vardy - 15;Kasper Schmeichel;20-21;27;54.3;38;25202;2268;7889;11952;5601;766;25190;358;645;55.5;549;322;16800;1035
38;Lens;fr FRA;7;38;15;12;11;55;54;1;57;1.5;56.4;46.8;9.6;0.25;0;Gaël Kakuta - 11;Jean-Louis Leca;20-21;27;51.1;38;22972;2042;6783;11393;5013;667;22960;363;636;57.1;620;348;14874;1148
69;Levante;es ESP;14;38;9;14;15;46;57;-11;41;1.08;40.4;53.4;-13;-0.34;0;José Luis Morales - 13;Aitor Fernández;20-21;29;52.2;38;21761;2410;7649;9461;4866;669;21755;366;615;59.5;547;326;13988;1098
36;Leverkusen;de GER;6;34;14;10;10;53;39;14;52;1.53;46.3;39.2;7.1;0.21;355;Lucas Alario - 11;Lukáš Hrádecký;20-21;30;59.7;34;25223;2235;7419;12778;5271;778;25220;426;710;60;620;335;17677;1117
6;Lille;fr FRA;1;38;24;11;3;64;23;41;83;2.18;48.5;29.8;18.7;0.49;209;Burak Y?lmaz - 16;Mike Maignan;20-21;21;53.8;38;25785;1900;6828;13275;5939;724;25780;408;705;57.9;622;380;17675;1187
19;Liverpool;eng ENG;3;38;20;9;9;68;42;26;69;1.82;67.5;43;24.5;0.65;837;Mohamed Salah - 22;Alisson;20-21;28;62.1;38;29889;2072;7199;14819;8141;1188;29883;407;696;58.5;592;387;21689;1535
67;Lorient;fr FRA;16;38;11;9;18;50;68;-18;42;1.11;48.6;52.5;-4;-0.1;0;Terem Moffi - 14;Paul Nardi;20-21;27;44.6;38;21217;1960;7212;10220;4057;507;21207;361;635;56.9;618;349;12963;857
15;Lyon;fr FRA;4;38;22;10;6;81;43;38;76;2;81.4;41.5;39.9;1.05;231;Memphis - 20;Anthony Lopes;20-21;29;54.9;38;25450;2061;6870;12285;6548;1091;25439;479;813;58.9;633;326;17500;1482
41;M'Gladbach;de GER;8;34;13;10;11;64;56;8;49;1.44;54.9;45.7;9.2;0.27;628;Lars Stindl - 14;Yann Sommer;20-21;23;51.7;34;22617;2263;7416;11039;4376;758;22606;319;533;59.8;548;299;15039;1065
61;Mainz 05;de GER;12;34;10;9;15;39;56;-17;39;1.15;49.9;52.1;-2.2;-0.06;221;Jean-Philippe Mateta - 7;Robin Zentner;20-21;31;40.7;34;17660;2097;6276;7590;3967;636;17655;268;488;54.9;577;279;9383;794
3;Manchester City;eng ENG;1;38;27;5;6;83;32;51;86;2.26;68.2;30.2;38;1;526;?lkay Gündo?an - 13;Ederson;20-21;24;63.5;38;30550;1920;6464;15919;8413;1190;30541;485;783;61.9;510;350;23545;1362
16;Manchester Utd;eng ENG;2;38;21;11;6;73;44;29;74;1.95;60.1;41.5;18.6;0.49;526;Bruno Fernandes - 18;David de Gea;20-21;29;55.7;38;26438;2217;7583;11899;7228;910;26427;415;711;58.4;536;360;18566;1285
32;Marseille;fr FRA;5;38;16;12;10;54;47;7;60;1.58;46.6;47.4;-0.8;-0.02;0;Arkadiusz Milik - 9;Steve Mandanda;20-21;31;53.6;38;24413;2361;7694;12257;4710;645;24406;321;582;55.2;571;312;16269;1043
49;Metz;fr FRA;10;38;12;11;15;44;48;-4;47;1.24;44.1;49.2;-5.2;-0.14;498;Farid Boulaya, Ibrahima Niane - 6;Alexandre Oukidja;20-21;27;45.2;38;21248;2168;7336;10041;4123;523;21237;381;678;56.2;695;381;12981;825
9;Milan;it ITA;2;38;24;7;7;74;41;33;79;2.08;70.7;47;23.7;0.62;105;Zlatan Ibrahimovi? - 15;Gianluigi Donnarumma;20-21;29;51.7;38;23625;2344;7283;10787;5838;931;23605;415;670;61.9;616;299;15666;1108
12;Monaco;fr FRA;3;38;24;6;8;76;42;34;78;2.05;68.7;34.6;34.1;0.9;0;Wissam Ben Yedder - 20;Benjamin Lecomte;20-21;30;55.8;38;25825;2017;7178;13034;5863;920;25810;308;570;54;608;304;17550;1277
42;Montpellier;fr FRA;8;38;14;12;12;60;62;-2;54;1.42;51.9;66.2;-14.3;-0.38;0;Gaëtan Laborde - 16;Jonas Omlin;20-21;25;45.7;38;20578;2272;6969;9165;4673;700;20573;299;587;50.9;590;300;12511;920
73;Nantes;fr FRA;18;38;9;13;16;47;55;-8;40;1.05;49;53.6;-4.6;-0.12;0;Ludovic Blas - 10;Alban Lafont;20-21;25;43.9;38;20715;1940;6138;10066;4738;666;20706;378;678;55.8;615;368;12159;965
13;Napoli;it ITA;5;38;24;5;9;86;41;45;77;2.03;67.7;42.6;25.2;0.66;105;Lorenzo Insigne - 19;Alex Meret;20-21;25;55.1;38;25830;2237;7347;12336;6412;975;25822;386;628;61.5;482;255;18670;1201
55;Newcastle Utd;eng ENG;12;38;12;9;17;46;62;-16;45;1.18;43.4;58.3;-14.9;-0.39;526;Callum Wilson - 12;Karl Darlow;20-21;27;38.8;38;18643;2525;7157;7837;3885;551;18637;350;587;59.6;519;297;10666;636
45;Nice;fr FRA;9;38;15;7;16;50;53;-3;52;1.37;48;55.6;-7.7;-0.2;0;Amine Gouiri - 12;Walter Benítez;20-21;31;54.3;38;25422;2572;8513;12342;4824;683;25415;440;741;59.4;664;366;17907;1049
86;Nîmes;fr FRA;19;38;9;8;21;40;71;-31;35;0.92;43.3;64.2;-20.9;-0.55;0;Renaud Ripart - 11;Baptiste Reynet;20-21;33;44.4;38;20899;2459;7786;9094;4248;584;20891;320;616;51.9;645;362;12501;845
57;Osasuna;es ESP;11;38;11;11;16;37;48;-11;44;1.16;38.7;47.8;-9;-0.24;0;Ante Budimir - 11;Sergio Herrera;20-21;28;43.2;38;18848;2096;6001;8631;4411;618;18842;245;441;55.6;588;310;10066;855
7;Paris S-G;fr FRA;2;38;26;4;8;86;28;58;82;2.16;80.1;40.6;39.5;1.04;0;Kylian Mbappé - 27;Keylor Navas;20-21;33;63.1;38;29813;1996;6998;15589;7465;1053;29800;489;847;57.7;577;348;22689;1460
97;Parma;it ITA;20;38;3;11;24;39;83;-44;20;0.53;42.5;61;-18.5;-0.49;158;Juraj Kucka, Hernani - 7;Luigi Sepe;20-21;42;47.8;38;22326;2759;8056;10133;4375;639;22321;362;589;61.5;561;292;14591;951
17;RB Leipzig;de GER;2;34;19;8;7;60;32;28;65;1.91;64.4;29.4;35;1.03;1059;Marcel Sabitzer - 8;Péter Gulácsi;20-21;25;59.7;34;24945;1817;6341;12801;6007;925;24935;315;523;60.2;546;326;17312;1308
5;Real Madrid;es ESP;2;38;25;9;4;67;28;39;84;2.21;61.5;37.6;23.9;0.63;0;Karim Benzema - 23;Thibaut Courtois;20-21;30;59.3;38;27695;2273;7882;12312;7737;1008;27692;429;646;66.4;546;315;20454;1239
27;Real Sociedad;es ESP;5;38;17;11;10;59;38;21;62;1.63;60.7;39.2;21.5;0.57;0;Alexander Isak - 17;Álex Remiro;20-21;30;54.9;38;22516;2088;6526;10677;5526;814;22504;330;550;60;518;311;14622;1076
64;Reims;fr FRA;14;38;9;15;14;42;50;-8;42;1.11;32.7;59;-26.3;-0.69;0;Boulaye Dia - 14;Predrag Rajkovi?;20-21;29;44.9;38;21204;2483;8174;9086;4204;569;21198;371;669;55.5;610;277;13359;889
37;Rennes;fr FRA;6;38;16;10;12;52;40;12;58;1.53;47.8;38.1;9.7;0.26;0;Sehrou Guirassy - 10;Alfred Gomis;20-21;32;59.1;38;27588;1891;7182;14134;6496;827;27585;406;673;60.3;610;287;19810;1282
28;Roma;it ITA;7;38;18;8;12;68;58;10;62;1.63;67.2;46.2;21;0.55;105;Henrikh Mkhitaryan - 13;Pau López;20-21;31;52.2;38;24182;2261;7045;11897;5506;860;24174;412;686;60.1;524;227;16757;1203
51;Saint-Étienne;fr FRA;11;38;12;10;16;42;54;-12;46;1.21;48.7;50.1;-1.3;-0.04;0;Wahbi Khazri, Denis Bouanga - 7;Jessy Moulin;20-21;40;48.3;38;22077;2127;7665;10267;4401;661;22068;432;802;53.9;715;363;13428;826
44;Sampdoria;it ITA;9;38;15;7;16;52;54;-2;52;1.37;45.4;56.1;-10.7;-0.28;105;Fabio Quagliarella - 13;Emil Audero;20-21;27;45.2;38;21594;2524;7306;9467;5064;692;21588;292;484;60.3;566;287;13229;993
29;Sassuolo;it ITA;8;38;17;11;10;64;56;8;62;1.63;58.4;55.4;3;0.08;134;Domenico Berardi - 17;Andrea Consigli;20-21;28;60.3;38;27521;2618;8124;13229;6397;833;27507;428;718;59.6;573;313;20080;1249
98;Schalke 04;de GER;18;34;3;7;24;25;86;-61;16;0.47;28.7;69.2;-40.5;-1.19;18;Matthew Hoppe - 6;Ralf Fährmann;20-21;42;44.7;34;18573;2519;7324;8341;3114;475;18571;333;617;54;592;352;10940;701
14;Sevilla;es ESP;4;38;24;5;9;53;33;20;77;2.03;54.4;34.8;19.6;0.52;0;Youssef En-Nesyri - 18;Yassine Bounou;20-21;26;60.9;38;26331;2490;8160;12198;6158;779;26324;392;599;65.4;516;309;19051;1040
94;Sheffield Utd;eng ENG;20;38;7;2;29;20;63;-43;23;0.61;32.6;62.2;-29.6;-0.78;263;David McGoldrick - 8;Aaron Ramsdale;20-21;27;41.7;38;20227;2314;6406;8550;5479;613;20223;269;475;56.6;536;323;11954;803
63;Southampton;eng ENG;15;38;12;7;19;47;68;-21;43;1.13;41.2;53.1;-11.8;-0.31;526;Danny Ings - 12;Alex McCarthy;20-21;29;52;38;23455;2302;7476;11497;4711;692;23450;343;601;57.1;638;386;14738;898
77;Spezia;it ITA;15;38;9;12;17;52;72;-20;39;1.03;46.6;65.1;-18.5;-0.49;105;M'Bala Nzola - 11;Ivan Provedel;20-21;35;51.9;38;23126;2446;7748;10463;5189;742;23121;322;528;61;606;295;15337;953
65;Strasbourg;fr FRA;15;38;11;9;18;49;58;-9;42;1.11;52.8;50.7;2.1;0.06;0;Ludovic Ajorque - 16;Eiji Kawashima;20-21;26;45.7;38;20995;2038;6810;9798;4642;694;20984;299;508;58.9;645;330;12929;955
46;Stuttgart;de GER;9;34;12;9;13;56;55;1;45;1.32;51.4;52.1;-0.8;-0.02;978;Sasa Kalajdzic - 16;Gregor Kobel;20-21;29;51.5;34;21637;2466;7124;10223;4542;750;21629;413;668;61.8;640;410;13968;1137
83;Torino;it ITA;17;38;7;16;15;50;69;-19;37;0.97;50;62;-11.9;-0.31;105;Andrea Belotti - 13;Salvatore Sirigu;20-21;29;47.3;38;21121;2331;7161;9723;4505;656;21116;388;635;61.1;576;297;13158;752
26;Tottenham;eng ENG;7;38;18;8;12;68;45;23;62;1.63;53.1;49.1;4;0.1;632;Harry Kane - 23;Hugo Lloris;20-21;24;51.6;38;24467;2581;7967;11866;4908;695;24462;403;715;56.4;519;334;16315;962
75;Udinese;it ITA;14;38;10;10;18;42;58;-16;40;1.05;45.7;52.6;-6.9;-0.18;158;Rodrigo De Paul - 9;Juan Musso;20-21;33;46.3;38;21273;2300;6910;9548;5036;731;21269;376;611;61.5;604;330;13723;959
39;Union Berlin;de GER;7;34;12;14;8;50;43;7;50;1.47;46.9;42.8;4.1;0.12;912;Max Kruse - 11;Andreas Luthe;20-21;27;44.9;34;19459;2072;6976;8961;3733;551;19452;206;389;53;547;230;11676;787
62;Valencia;es ESP;13;38;10;13;15;50;53;-3;43;1.13;42.6;52.2;-9.6;-0.25;142;Carlos Soler - 11;Jaume Doménech;20-21;30;46.9;38;20116;2568;7181;8696;4459;553;20106;341;553;61.7;498;268;12592;827
90;Valladolid;es ESP;19;38;5;16;17;34;57;-23;31;0.82;40.1;52.9;-12.8;-0.34;0;Fabián Orellana, Shon Weissman - 6;Jordi Masip;20-21;32;45.2;38;19267;2230;6558;8378;4547;554;19259;291;504;57.7;524;328;10970;766
35;Villarreal;es ESP;7;38;15;13;10;60;44;16;58;1.53;56.4;42.5;13.9;0.37;253;Gerard Moreno - 23;Sergio Asenjo;20-21;29;55.2;38;24666;2447;7827;11429;5647;803;24653;437;692;63.2;545;336;17204;1118
87;Werder Bremen;de GER;17;34;7;10;17;36;57;-21;31;0.91;32.9;53.2;-20.3;-0.6;518;Niclas Füllkrug - 6;Ji?í Pavlenka;20-21;27;43.9;34;19270;2266;7029;8974;3474;499;19265;188;367;51.2;521;268;11498;793
93;West Brom;eng ENG;19;38;5;11;22;35;76;-41;26;0.68;35.8;67.9;-32;-0.84;283;Matheus Pereira - 11;Sam Johnstone;20-21;30;37.9;38;18121;2540;6668;7460;4182;569;18116;264;505;52.3;613;313;9591;708
25;West Ham;eng ENG;6;38;19;8;11;62;47;15;65;1.71;55.4;48.7;6.7;0.18;632;Michail Antonio, Tomáš Sou?ek - 10;?ukasz Fabia?ski;20-21;24;43.2;38;20655;2288;6619;9285;4989;754;20651;298;542;55;491;318;12541;832
20;Wolfsburg;de GER;4;34;17;10;7;61;37;24;61;1.79;49;42.1;6.9;0.2;538;Wout Weghorst - 20;Koen Casteels;20-21;26;51.1;34;21252;2088;6588;10002;4904;743;21249;296;483;61.3;618;296;12958;1047
56;Wolves;eng ENG;13;38;12;9;17;36;52;-16;45;1.18;36.5;49.5;-13;-0.34;237;Rúben Neves, Pedro Neto - 5;Rui Patrício;20-21;27;49.3;38;23137;2194;7249;10975;5140;695;23133;468;779;60.1;592;309;15323;834
80;Alavés;es ESP;16;38;10;9;19;34;59;-25;39;1.03;39.3;57.8;-18.5;-0.49;12177;Joselu, Lucas Pérez - 11;Fernando Pacheco;19-20;32;41.5;38;17797;2034;6072;8330;3582;500;17791;251;497;50.5;535;309;9469;710
92;Amiens;fr FRA;19;28;4;11;13;31;50;-19;23;0.82;27.4;39.3;-11.9;-0.43;11616;Sehrou Guirassy - 9;Régis Gurtner;19-20;27;45.6;28;15928;1598;4741;8174;3163;340;15924;244;409;59.7;543;358;9573;772
44;Angers;fr FRA;11;28;11;6;11;28;33;-5;39;1.39;29.3;28.4;0.9;0.03;9825;Rachid Alioui - 6;Ludovic Butelle;19-20;26;45.3;28;16367;1350;5090;7640;3811;505;16366;291;479;60.8;455;344;10407;786
30;Arsenal;eng ENG;8;38;14;14;10;56;48;8;56;1.47;47;55.3;-8.3;-0.22;47589;Pierre-Emerick Aubameyang - 22;Bernd Leno;19-20;29;53.8;38;24353;2763;8384;10618;5570;804;24350;411;697;59;547;370;16466;1093
85;Aston Villa;eng ENG;17;38;9;8;21;41;67;-26;35;0.92;44.3;67.8;-23.5;-0.62;28505;Jack Grealish - 8;Tom Heaton;19-20;28;44.1;38;19890;2668;7046;8160;4917;691;19887;352;569;61.9;546;313;11495;879
9;Atalanta;it ITA;3;38;23;9;6;98;48;50;78;2.05;83.5;41.3;42.2;1.11;11167;Luis Muriel, Duván Zapata - 18;Pierluigi Gollini;19-20;30;57.2;38;25948;1887;6564;12146;7474;1107;25938;347;616;56.3;595;358;17773;1310
49;Athletic Club;es ESP;11;38;13;12;13;41;38;3;51;1.34;41.5;48.8;-7.3;-0.19;28039;Raúl García - 15;Unai Simón;19-20;26;48.7;38;20747;2070;6209;9804;4959;584;20737;337;587;57.4;576;299;12364;869
17;Atlético Madrid;es ESP;3;38;18;16;4;51;27;24;70;1.84;56.8;32.5;24.4;0.64;42236;Álvaro Morata - 12;Jan Oblak;19-20;30;48.6;38;21807;1930;6200;10558;5228;798;21799;348;543;64.1;586;377;13449;1007
76;Augsburg;de GER;15;34;9;9;16;45;63;-18;36;1.06;43.1;56.6;-13.5;-0.4;20265;Florian Niederlechner - 13;Tomáš Koubek;19-20;28;38.6;34;16110;2340;6423;6767;3152;502;16105;233;473;49.3;512;304;8297;611
6;Barcelona;es ESP;2;38;25;7;6;86;38;48;82;2.16;66.3;38.3;28;0.74;54223;Lionel Messi - 25;Marc-André ter Stegen;19-20;28;66.4;38;31610;2434;7688;15578;8551;1047;31604;524;793;66.1;444;354;24536;1390
3;Bayern Munich;de GER;1;34;26;4;4;100;32;68;82;2.41;89.5;37.9;51.6;1.52;57353;Robert Lewandowski - 34;Manuel Neuer;19-20;29;65.1;34;27785;1932;7312;13369;7326;1207;27779;480;741;64.8;514;309;20418;1578
72;Betis;es ESP;15;38;10;11;17;48;60;-12;41;1.08;51;54.8;-3.7;-0.1;35969;Loren Morón - 10;Joel Robles;19-20;27;56.7;38;23601;2497;7853;10399;5595;842;23593;445;713;62.4;548;355;15991;949
58;Bologna;it ITA;12;38;12;11;15;52;65;-13;47;1.24;56.9;54.8;2;0.05;15774;Musa Barrow - 9;?ukasz Skorupski;19-20;31;52.6;38;22632;2327;6601;10499;5747;793;22626;349;628;55.6;617;331;14408;1191
50;Bordeaux;fr FRA;12;28;9;10;9;40;34;6;37;1.32;30;36.9;-6.9;-0.25;2343;Jimmy Briand - 7;Benoît Costil;19-20;26;53.6;28;18167;1728;5741;9699;2903;376;18165;273;507;53.8;457;285;12148;727
88;Bournemouth;eng ENG;18;38;9;7;22;40;65;-25;34;0.89;44.8;62.3;-17.5;-0.46;7745;Callum Wilson - 8;Aaron Ramsdale;19-20;27;44.1;38;20778;2558;7479;8660;4848;709;20774;325;602;54;571;384;11897;876
94;Brescia;it ITA;19;38;6;7;25;35;79;-44;25;0.66;43.4;74.5;-31.2;-0.82;1005;Ernesto Torregrossa, Alfredo Donnarumma - 7;Jesse Joronen;19-20;32;40.6;38;18675;2538;6853;7786;4252;653;18671;275;450;61.1;557;316;10721;933
59;Brest;fr FRA;14;28;8;10;10;34;37;-3;34;1.21;30.7;45.5;-14.8;-0.53;13713;Irvin Cardona - 6;Gautier Larsonneur;19-20;24;49.8;28;17199;2050;5993;7865;3517;468;17194;209;364;57.4;464;283;10949;791
73;Brighton;eng ENG;15;38;9;14;15;39;54;-15;41;1.08;45.4;55;-9.5;-0.25;22369;Neal Maupay - 10;Mathew Ryan;19-20;25;52.2;38;24297;2736;8187;10704;5623;760;24295;335;584;57.4;626;399;15708;1204
41;Burnley;eng ENG;10;38;15;9;14;43;50;-7;54;1.42;47.4;49.8;-2.4;-0.06;15995;Chris Wood - 14;Nick Pope;19-20;22;41.9;38;18800;2240;5625;8974;4375;614;18796;246;454;54.2;509;291;9922;690
63;Cagliari;it ITA;14;38;11;12;15;52;56;-4;45;1.18;41.8;59;-17.2;-0.45;10728;João Pedro - 18;Robin Olsen;19-20;33;45.7;38;20943;2591;7168;9226;4777;579;20938;324;538;60.2;543;337;12963;929
82;Celta Vigo;es ESP;17;38;7;16;15;37;49;-12;37;0.97;39.2;45.3;-6.1;-0.16;11995;Iago Aspas - 14;Rubén Blanco;19-20;30;51.7;38;22467;2306;7520;10311;4854;579;22458;370;610;60.7;541;375;14377;938
23;Chelsea;eng ENG;4;38;20;6;12;69;54;15;66;1.74;69.2;38.6;30.6;0.81;32023;Tammy Abraham - 15;Kepa Arrizabalaga;19-20;27;60.4;38;29409;2285;8316;13980;7362;1059;29402;460;718;64.1;583;414;20797;1279
67;Crystal Palace;eng ENG;14;38;11;10;17;31;50;-19;43;1.13;35.8;57;-21.2;-0.56;19784;Jordan Ayew - 9;Vicente Guaita;19-20;25;44.8;38;20833;2395;7284;8983;4817;789;20830;432;698;61.9;611;479;12121;896
74;Dijon;fr FRA;16;28;7;9;12;27;37;-10;30;1.07;30.5;38.4;-8;-0.28;12707;Mama Samba Baldé - 6;Alfred Gomis;19-20;28;46.5;28;16261;1862;5959;7489;3011;492;16260;312;543;57.5;469;303;9965;678
11;Dortmund;de GER;2;34;21;6;7;84;41;43;69;2.03;61;40.9;20.1;0.59;57297;Jadon Sancho - 17;Roman Bürki;19-20;27;60.4;34;27523;1958;7860;13601;6276;845;27521;468;750;62.4;494;351;20453;1232
90;Düsseldorf;de GER;17;34;6;12;16;36;67;-31;30;0.88;35.9;60.7;-24.8;-0.73;30581;Rouwen Hennings - 15;Zack Steffen, Florian Kastenmeier;19-20;28;45.6;34;18656;2038;6473;8167;4201;541;18652;257;453;56.7;476;272;11211;937
70;Eibar;es ESP;14;38;11;9;18;39;56;-17;42;1.11;42;53;-11;-0.29;4151;Fabián Orellana - 8;Marko Dmitrovi?;19-20;26;46.3;38;19414;1786;5173;9067;5413;628;19404;260;458;56.8;564;355;10267;814
51;Eint Frankfurt;de GER;9;34;13;6;15;59;60;-1;45;1.32;59.5;49.9;9.6;0.28;35435;André Silva - 12;Kevin Trapp;19-20;27;50.9;34;20274;1993;6423;9255;4837;754;20272;330;520;63.5;523;301;12104;1025
93;Espanyol;es ESP;20;38;5;10;23;27;58;-31;25;0.66;38.6;51;-12.4;-0.33;1626;Raúl de Tomás, David López... - 4;Diego López;19-20;31;47.4;38;20200;2105;6862;9222;4355;591;20196;281;489;57.5;576;331;11711;880
57;Everton;eng ENG;12;38;13;10;15;44;56;-12;49;1.29;50.8;48.3;2.5;0.07;28848;Dominic Calvert-Lewin, Richarlison - 13;Jordan Pickford;19-20;24;49;38;21914;2522;7397;9516;5228;831;21913;374;609;61.4;593;345;13302;1009
53;Fiorentina;it ITA;10;38;12;13;13;51;48;3;49;1.29;53.6;48.9;4.7;0.12;22486;Federico Chiesa - 10;Bart?omiej Dr?gowski;19-20;33;47.4;38;21263;2217;6735;9359;5431;844;21252;428;670;63.9;595;388;13430;1062
42;Freiburg;de GER;8;34;13;9;12;48;47;1;48;1.41;46.7;64.6;-17.8;-0.52;16888;Nils Petersen - 11;Alexander Schwolow;19-20;26;48.1;34;19514;2569;7342;8218;4143;651;19508;249;452;55.1;521;259;11891;808
81;Genoa;it ITA;17;38;10;9;19;47;73;-26;39;1.03;48.7;60;-11.3;-0.3;14016;Goran Pandev - 9;Mattia Perin;19-20;34;49.5;38;22057;2715;7633;9812;4850;640;22042;335;565;59.3;558;349;14155;926
39;Getafe;es ESP;8;38;14;12;12;43;37;6;54;1.42;41.6;41.4;0.2;0;8;Jaime Mata - 11;David Soria;19-20;30;45;38;17632;1491;4854;7861;5147;643;17625;274;476;57.6;635;318;8143;860
32;Granada;es ESP;7;38;16;8;14;52;45;7;56;1.47;44.9;42.6;2.3;0.06;11174;Carlos Fernández - 10;Rui Silva;19-20;27;43.8;38;17946;2233;6285;7583;4311;576;17941;300;553;54.2;486;290;9645;705
55;Hellas Verona;it ITA;9;38;12;13;13;47;51;-4;49;1.29;50.5;53.7;-3.2;-0.08;11248;Samuel Di Carmine - 8;Marco Silvestri;19-20;30;49.8;38;21572;2379;6438;10308;5055;740;21563;328;546;60.1;536;307;13177;1109
61;Hertha BSC;de GER;10;34;11;8;15;48;59;-11;41;1.21;43.1;54.5;-11.4;-0.34;37689;Vedad Ibiševi?, Dodi Lukebakio - 7;Rune Jarstein;19-20;32;44.7;34;18806;2251;6614;8963;3450;520;18803;351;526;66.7;519;348;11209;806
29;Hoffenheim;de GER;6;34;15;7;12;53;53;0;52;1.53;56.1;59.6;-3.4;-0.1;20449;Andrej Kramari? - 12;Oliver Baumann;19-20;31;51.6;34;21795;2508;8102;9873;4021;703;21791;299;512;58.4;478;324;14227;958
7;Inter;it ITA;2;38;24;10;4;81;36;45;82;2.16;69.4;40.7;28.7;0.76;41558;Romelu Lukaku - 23;Samir Handanovi?;19-20;29;54.2;38;24656;2447;7453;11419;6004;1011;24645;311;498;62.4;515;292;17045;1351
5;Juventus;it ITA;1;38;26;5;7;76;43;33;83;2.18;71.1;44.9;26.1;0.69;25102;Cristiano Ronaldo - 31;Wojciech Szcz?sny;19-20;30;58.1;38;27332;2030;6576;13479;7510;855;27318;434;689;63;510;293;19999;1270
77;Köln;de GER;14;34;10;6;18;51;69;-18;36;1.06;48.9;53.3;-4.4;-0.13;35094;Jhon Córdoba - 13;Timo Horn;19-20;29;46.7;34;18990;2175;6641;8591;3959;618;18986;272;450;60.4;570;299;11037;874
10;Lazio;it ITA;4;38;24;6;8;79;42;37;78;2.05;68;51.1;16.9;0.44;26363;Ciro Immobile - 36;Thomas Strakosha;19-20;27;50.4;38;23217;2363;7010;10454;6007;932;23199;360;580;62.1;503;270;15675;1230
86;Lecce;it ITA;18;38;9;8;21;52;85;-33;35;0.92;54.7;85.6;-30.8;-0.81;15939;Marco Mancosu - 14;Gabriel;19-20;30;44.8;38;21029;2785;7579;9038;4638;715;21015;296;464;63.8;481;318;13502;978
84;Leganés;es ESP;18;38;8;12;18;30;51;-21;36;0.95;39.9;42.8;-2.9;-0.08;7539;Óscar Rodríguez Arnaiz - 9;Iván Cuéllar;19-20;29;43.9;38;18717;1774;5797;8420;4727;630;18712;342;581;58.9;544;291;10195;808
24;Leicester City;eng ENG;5;38;18;8;12;67;41;26;62;1.63;62.2;45.5;16.7;0.44;25312;Jamie Vardy - 23;Kasper Schmeichel;19-20;24;57.1;38;26145;2196;7811;12196;6353;919;26138;377;688;54.8;602;328;17423;1164
56;Levante;es ESP;12;38;14;7;17;47;53;-6;49;1.29;48.1;62.9;-14.8;-0.39;13196;Roger Martí - 11;Aitor Fernández;19-20;29;48.3;38;20099;2486;7634;8264;4392;625;20094;386;637;60.6;537;302;12232;983
15;Leverkusen;de GER;5;34;19;6;9;61;44;17;63;1.85;59.1;51.2;7.9;0.23;21236;Kai Havertz - 12;Lukáš Hrádecký;19-20;24;63.2;34;26738;2252;7682;14012;5273;833;26736;450;710;63.4;600;360;18862;1105
20;Lille;fr FRA;4;28;15;4;9;35;27;8;49;1.75;40.3;31.4;8.8;0.32;36404;Victor Osimhen - 13;Mike Maignan;19-20;25;52.9;28;17205;1260;4065;9236;4080;544;17197;307;522;58.8;442;300;11127;793
1;Liverpool;eng ENG;1;38;32;3;3;85;33;52;99;2.61;68.9;37.7;31.2;0.82;41955;Mohamed Salah - 19;Alisson;19-20;24;62.9;38;29602;2083;7175;14848;7811;1181;29597;387;658;58.8;607;306;21083;1404
36;Lyon;fr FRA;7;28;11;7;10;42;27;15;40;1.43;37.6;27.1;10.6;0.38;47299;Moussa Dembélé - 16;Anthony Lopes;19-20;27;56.2;28;19123;1637;5464;9809;4026;550;19117;341;578;59;484;293;13146;872
14;M'Gladbach;de GER;4;34;20;5;9;66;40;26;65;1.91;72;45.9;26.1;0.77;36078;Alassane Pléa, Marcus Thuram - 10;Yann Sommer;19-20;25;52.4;34;21675;2283;7663;9783;4479;769;21669;387;638;60.7;491;321;14138;1017
71;Mainz 05;de GER;13;34;11;4;19;44;65;-21;37;1.09;48.2;59.6;-11.5;-0.34;20694;Robin Quaison - 13;Robin Zentner;19-20;25;43.2;34;18088;2218;6326;7896;4114;630;18085;379;614;61.7;600;346;10078;870
91;Mallorca;es ESP;19;38;9;6;23;40;65;-25;33;0.87;41.1;63.5;-22.4;-0.59;10877;Ante Budimir - 13;Manolo Reina;19-20;32;45;38;19549;2360;6615;8356;4826;683;19539;392;709;55.3;625;353;11615;779
8;Manchester City;eng ENG;2;38;26;3;9;102;35;67;81;2.13;92;36.2;55.7;1.47;37097;Raheem Sterling - 20;Ederson;19-20;24;66.2;38;31760;2020;6813;15580;9621;1461;31750;487;721;67.5;456;341;24373;1612
21;Manchester Utd;eng ENG;3;38;18;12;8;66;36;30;66;1.74;62.2;37.7;24.5;0.64;57415;Anthony Martial, Marcus Rashford - 17;David de Gea;19-20;29;55.8;38;25714;2171;7214;11804;6923;874;25700;446;747;59.7;559;396;17571;1242
12;Marseille;fr FRA;2;28;16;8;4;41;29;12;56;2;36.2;31.8;4.4;0.16;52805;Darío Benedetto - 11;Steve Mandanda;19-20;23;53.5;28;17964;1491;5079;8934;4152;514;17958;316;510;62;441;298;11800;742
60;Metz;fr FRA;15;28;8;10;10;27;35;-8;34;1.21;27.1;38.1;-11;-0.39;16583;Habib Diallo - 12;Alexandre Oukidja;19-20;24;45.3;28;15799;1648;5218;7705;3098;366;15795;337;561;60.1;461;302;9465;589
22;Milan;it ITA;6;38;19;9;10;63;46;17;66;1.74;62.8;45.1;17.7;0.46;34078;Ante Rebi? - 11;Gianluigi Donnarumma;19-20;32;54.9;38;24699;2267;6844;11695;6434;930;24690;402;656;61.3;598;342;16902;1249
38;Monaco;fr FRA;9;28;11;7;10;44;44;0;40;1.43;48.8;42.7;6.1;0.22;6451;Wissam Ben Yedder - 18;Benjamin Lecomte;19-20;28;50.9;28;17516;1553;4879;8714;4110;655;17512;308;500;61.6;401;259;11571;956
37;Montpellier;fr FRA;8;28;11;7;10;35;34;1;40;1.43;35.3;34.7;0.5;0.02;14147;Andy Delort - 9;Gerónimo Rulli;19-20;27;47.6;28;15883;1641;5099;7391;3556;459;15878;218;449;48.6;461;192;9619;825
52;Nantes;fr FRA;13;28;11;4;13;28;31;-3;37;1.32;30.2;31.5;-1.2;-0.04;24635;Moses Simon, Ludovic Blas - 5;Alban Lafont;19-20;29;48;28;16791;1460;5036;8248;3710;475;16789;322;561;57.4;474;305;10472;710
25;Napoli;it ITA;7;38;18;8;12;61;50;11;62;1.63;61.7;44.7;16.9;0.45;21622;Arkadiusz Milik - 11;Alex Meret;19-20;25;59.2;38;27995;2150;6788;14055;7372;914;27990;362;587;61.7;427;296;21020;1353
65;Newcastle Utd;eng ENG;13;38;11;11;16;38;58;-20;44;1.16;35.5;65.6;-30.1;-0.79;35551;Jonjo Shelvey - 6;Martin Dúbravka;19-20;28;39;38;18851;2415;7121;8155;3825;537;18850;400;674;59.3;594;288;10486;598
34;Nice;fr FRA;5;28;11;8;9;41;38;3;41;1.46;35.7;43.9;-8.2;-0.29;19225;Kasper Dolberg - 11;Walter Benítez;19-20;31;54.6;28;18804;1901;6350;9293;3373;455;18799;364;626;58.1;479;281;13276;869
83;Nîmes;fr FRA;18;28;7;6;15;29;44;-15;27;0.96;30.2;40.5;-10.2;-0.36;12555;Romain Philippoteaux - 5;Paul Bernardoni;19-20;28;45;28;14462;1355;4540;6625;3463;478;14460;233;469;49.7;465;250;8000;676
96;Norwich City;eng ENG;20;38;5;6;27;26;75;-49;21;0.55;37;66.4;-29.5;-0.78;19913;Teemu Pukki - 11;Tim Krul;19-20;30;49.3;38;23264;3130;9050;9799;4644;658;23262;427;706;60.5;591;405;14778;851
46;Osasuna;es ESP;10;38;13;13;12;46;54;-8;52;1.37;49.4;49.4;0.1;0;11453;Ezequiel Ávila - 9;Sergio Herrera;19-20;31;47.4;38;20020;2020;6085;9353;4820;660;20012;315;525;60;611;306;10755;971
95;Paderborn 07;de GER;18;34;4;8;22;37;74;-37;20;0.59;39.2;67.3;-28.1;-0.83;11038;Sven Michel, Dennis Srbeny... - 5;Leopold Zingerle;19-20;27;45.9;34;19367;2489;7838;8001;3802;549;19363;382;689;55.4;655;362;11323;747
2;Paris S-G;fr FRA;1;27;22;2;3;75;24;51;68;2.52;74.2;23.1;51.1;1.89;47517;Kylian Mbappé - 18;Keylor Navas;19-20;31;65.2;27;21826;1335;4728;11996;5271;852;21818;406;675;60.1;410;233;16610;1228
54;Parma;it ITA;11;38;14;7;17;56;57;-1;49;1.29;48.4;64.3;-15.9;-0.42;10245;Andreas Cornelius - 12;Luigi Sepe;19-20;25;43.8;38;20031;2740;7304;8464;4489;723;20025;326;564;57.8;582;355;11976;889
13;RB Leipzig;de GER;3;34;18;12;4;81;37;44;66;1.94;71.3;38.8;32.6;0.96;28819;Timo Werner - 28;Péter Gulácsi;19-20;29;55.3;34;23954;2078;6712;11833;5640;914;23949;388;623;62.3;560;320;16067;1316
4;Real Madrid;es ESP;1;38;26;9;3;70;25;45;87;2.29;67.9;33.3;34.6;0.91;45833;Karim Benzema - 21;Thibaut Courtois;19-20;26;58.8;38;27608;2251;7725;12533;7594;1034;27597;484;769;62.9;518;315;19902;1280
31;Real Sociedad;es ESP;6;38;16;8;14;56;48;8;56;1.47;48.9;43;5.8;0.15;21204;Willian José - 11;Álex Remiro;19-20;27;56.2;38;23944;2345;7559;11326;5263;769;23939;355;591;60.1;552;357;15758;1113
33;Reims;fr FRA;6;28;10;11;7;26;21;5;41;1.46;30.6;28.5;2.1;0.08;12932;Boulaye Dia - 7;Predrag Rajkovi?;19-20;26;48.9;28;16330;1641;5994;7203;3325;481;16325;301;519;58;459;231;10214;747
19;Rennes;fr FRA;3;28;15;5;8;38;24;14;50;1.79;37.1;30.2;6.9;0.25;25893;M'Baye Niang - 10;Edouard Mendy;19-20;26;49.6;28;16361;1674;5498;7973;3090;450;16356;261;488;53.5;435;263;10280;664
16;Roma;it ITA;5;38;21;7;10;77;51;26;70;1.84;73.2;49.4;23.9;0.63;26956;Edin Džeko - 16;Pau López;19-20;31;52.7;38;23190;2273;6676;10880;5891;1000;23176;417;671;62.1;537;282;15771;1156
75;Saint-Étienne;fr FRA;17;28;8;6;14;29;45;-16;30;1.07;31.4;38.8;-7.4;-0.26;23205;Denis Bouanga - 10;Stéphane Ruffier;19-20;31;48.2;28;16277;1537;5349;7810;3296;433;16272;289;485;59.6;476;296;9930;724
69;Sampdoria;it ITA;15;38;12;6;20;48;65;-17;42;1.11;50.2;54.9;-4.7;-0.12;137;Manolo Gabbiadini, Fabio Quagliarella - 11;Emil Audero;19-20;31;42.7;38;20010;2291;6220;9118;4907;694;19998;307;507;60.6;505;295;11747;984
48;Sassuolo;it ITA;8;38;14;9;15;69;63;6;51;1.34;52.9;62;-9.2;-0.24;7704;Francesco Caputo - 21;Andrea Consigli;19-20;31;57.5;38;25800;2457;7377;12645;6047;829;25794;468;757;61.8;522;339;18385;1107
66;Schalke 04;de GER;12;34;9;12;13;38;58;-20;39;1.15;37.8;51.6;-13.8;-0.41;46681;Suat Serdar - 7;Alexander Nübel;19-20;29;49;34;19797;2251;6749;8993;4322;592;19795;421;687;61.3;625;417;11855;905
18;Sevilla;es ESP;4;38;19;13;6;54;34;20;70;1.84;53.2;36.1;17.1;0.45;25016;Lucas Ocampos - 14;Tomáš Vaclík;19-20;26;57.9;38;25517;2236;7799;11630;6307;907;25510;413;667;61.9;541;352;17361;1150
40;Sheffield Utd;eng ENG;9;38;14;12;12;39;39;0;54;1.42;43;51;-7.9;-0.21;2437;Lys Mousset, Oliver McBurnie - 6;Dean Henderson;19-20;26;43.1;38;20914;2190;6217;8893;5995;726;20913;346;535;64.7;519;292;11962;881
47;Southampton;eng ENG;11;38;15;7;16;51;60;-9;52;1.37;56.1;52.8;3.3;0.09;23428;Danny Ings - 22;Alex McCarthy;19-20;25;48.9;38;22134;2135;6212;10729;5451;807;22130;423;680;62.2;654;362;12305;995
97;SPAL;it ITA;20;38;5;5;28;27;77;-50;20;0.53;40.7;68.6;-27.9;-0.73;8241;Andrea Petagna - 12;Etrit Berisha;19-20;34;46.9;38;20672;2631;7320;9006;4594;615;20665;357;519;68.8;518;354;13120;913
43;Strasbourg;fr FRA;10;27;11;5;11;32;32;0;38;1.41;34.2;32.2;2;0.07;24985;Adrien Thomasson, Ludovic Ajorque - 8;Matz Sels;19-20;25;49.6;27;15580;1469;4827;7568;3373;467;15576;257;426;60.3;440;255;9931;739
78;Torino;it ITA;16;38;11;7;20;46;68;-22;40;1.05;44.8;60.8;-16;-0.42;13338;Andrea Belotti - 16;Salvatore Sirigu;19-20;27;47.4;38;20767;2536;7190;9021;4818;734;20759;449;715;62.8;605;360;12408;819
27;Tottenham;eng ENG;6;38;16;11;11;61;47;14;59;1.55;47.9;54.2;-6.3;-0.17;43757;Harry Kane - 18;Hugo Lloris;19-20;29;52;38;24629;2591;7614;11791;5484;699;24626;449;747;60.1;577;437;15942;1042
98;Toulouse;fr FRA;20;28;3;4;21;22;58;-36;13;0.46;31.7;45.6;-13.9;-0.5;142;Efthimis Koulouris - 4;Baptiste Reynet;19-20;30;44.2;28;15516;1762;5127;7091;3472;488;15510;287;471;60.9;475;293;9229;636
64;Udinese;it ITA;13;38;12;9;17;37;51;-14;45;1.18;41.6;53.4;-11.8;-0.31;13841;Kevin Lasagna - 10;Juan Musso;19-20;25;44.7;38;21041;2461;7188;9473;4652;703;21041;350;550;63.6;538;328;13222;944
62;Union Berlin;de GER;11;34;12;5;17;41;58;-17;41;1.21;41.4;54.3;-12.8;-0.38;15467;Sebastian Andersson - 12;Rafa? Gikiewicz;19-20;26;41.9;34;17612;2137;6450;7545;3828;551;17607;259;456;56.8;509;248;9272;690
45;Valencia;es ESP;9;38;14;11;13;46;53;-7;53;1.39;43.3;56;-12.7;-0.33;29658;Maxi Gómez - 10;Jasper Cillessen;19-20;28;49;38;21762;2600;7694;9661;4609;631;21754;345;549;62.8;521;283;14335;984
68;Valladolid;es ESP;13;38;9;15;14;32;43;-11;42;1.11;36.5;54.5;-18;-0.47;1358;Sergi Guardiola - 8;Jordi Masip;19-20;30;44.7;38;19321;2161;6593;9028;3936;478;19316;338;569;59.4;537;324;11038;721
26;Villarreal;es ESP;5;38;18;6;14;63;49;14;60;1.58;63.6;46.3;17.3;0.45;11321;Gerard Moreno - 18;Sergio Asenjo;19-20;25;52.9;38;24034;2541;7871;11219;5175;770;24023;431;690;62.5;601;310;16046;1023
89;Watford;eng ENG;19;38;8;10;20;36;64;-28;34;0.89;48.9;58.1;-9.3;-0.24;15353;Troy Deeney - 10;Ben Foster;19-20;26;42.9;38;20010;2149;6261;8877;5100;803;20002;321;576;55.7;549;348;11082;816
87;Werder Bremen;de GER;16;34;8;7;19;42;69;-27;31;0.91;39.4;55.4;-16;-0.47;26413;Yuya Osako, Milot Rashica - 8;Ji?í Pavlenka;19-20;30;48.8;34;20535;2279;6738;9774;4224;633;20529;259;470;55.1;552;326;12761;1012
79;West Ham;eng ENG;16;38;10;9;19;49;62;-13;39;1.03;48.6;63.8;-15.3;-0.4;44155;Michail Antonio - 10;?ukasz Fabia?ski;19-20;29;44.1;38;20914;2172;6275;9659;5199;737;20910;397;663;59.9;496;322;12297;939
35;Wolfsburg;de GER;7;34;13;10;11;48;46;2;49;1.44;52.8;42.9;9.9;0.29;18621;Wout Weghorst - 16;Koen Casteels;19-20;26;48.4;34;19564;1977;6268;8938;4586;681;19560;352;612;57.5;545;373;11463;974
28;Wolves;eng ENG;7;38;15;14;9;51;40;11;59;1.55;54.1;38;16.1;0.42;24758;Raúl Jiménez - 17;Rui Patrício;19-20;21;48.3;38;22567;1997;6983;10743;5059;774;22563;509;817;62.3;540;338;14125;940
50;Alavés;es ESP;11;38;13;11;14;39;50;-11;50;1.32;41.1;53.2;-12.1;-0.32;17295;Jonathan Calleri - 9;Fernando Pacheco;18-19;26;42.7;38;18389;2186;6380;8242;3994;603;18386;276;489;56.4;587;341;9483;799
79;Amiens;fr FRA;15;38;9;11;18;31;52;-21;38;1;35.4;49.8;-14.4;-0.38;11043;Moussa Konaté - 7;Régis Gurtner;18-19;26;46.5;38;20351;2134;6293;10054;4237;502;20348;257;485;53;645;402;11772;950
58;Angers;fr FRA;13;38;10;16;12;44;49;-5;46;1.21;50.7;47.9;2.8;0.07;11189;Stéphane Bahoken - 11;Ludovic Butelle;18-19;24;43.3;38;21076;1935;6525;10306;4496;644;21067;316;561;56.3;611;446;12781;952
15;Arsenal;eng ENG;5;38;21;7;10;73;51;22;70;1.84;60.1;54.2;5.9;0.15;59899;Pierre-Emerick Aubameyang - 22;Bernd Leno;18-19;28;58.1;38;26586;2481;8012;12353;6431;965;26581;304;536;56.7;564;409;18226;1327
16;Atalanta;it ITA;3;38;20;9;9;77;46;31;69;1.82;72.2;41.1;31.1;0.82;18301;Duván Zapata - 23;Pierluigi Gollini;18-19;27;57.3;38;26365;1940;6938;12086;7622;1091;26361;363;654;55.5;652;464;17933;1374
43;Athletic Club;es ESP;8;38;13;14;11;41;45;-4;53;1.39;43.4;45.7;-2.3;-0.06;40664;Iñaki Williams - 13;Iago Herrerín;18-19;27;50;38;21460;1939;6264;10168;5253;697;21454;288;542;53.1;522;344;13007;979
9;Atlético Madrid;es ESP;2;38;22;10;6;55;29;26;76;2;47.3;41.9;5.4;0.14;56216;Antoine Griezmann - 15;Jan Oblak;18-19;29;49.2;38;23053;1947;6375;10771;6117;757;23050;366;572;64;497;412;14771;1018
85;Augsburg;de GER;15;34;8;8;18;51;71;-20;32;0.94;45.3;61.1;-15.8;-0.46;28623;Alfreð Finnbogason - 10;Gregor Kobel;18-19;30;46.4;34;18894;2163;6566;8725;3843;589;18889;217;407;53.3;504;336;10850;879
6;Barcelona;es ESP;1;38;26;9;3;90;36;54;87;2.29;75.8;45.3;30.5;0.8;76104;Lionel Messi - 36;Marc-André ter Stegen;18-19;30;64.4;38;30314;2203;7338;14867;8350;1036;30306;446;753;59.2;456;435;23080;1512
5;Bayern Munich;de GER;1;34;24;6;4;88;32;56;78;2.29;85.6;27.2;58.4;1.72;75;Robert Lewandowski - 22;Manuel Neuer;18-19;24;65.7;34;27177;1576;6399;13779;7224;1207;27173;426;683;62.4;469;315;20248;1487
49;Betis;es ESP;10;38;14;8;16;44;52;-8;50;1.32;47.1;49.4;-2.4;-0.06;44525;Giovani Lo Celso - 9;Pau López;18-19;25;61.8;38;26678;2367;7771;12687;6456;812;26671;449;717;62.6;569;392;19215;1075
64;Bologna;it ITA;10;38;11;11;16;48;56;-8;44;1.16;46.8;49;-2.2;-0.06;21237;Federico Santander, Riccardo Orsolini - 8;?ukasz Skorupski;18-19;29;44.9;38;20249;2250;6460;9180;4862;710;20244;273;542;50.4;557;360;11828;990
69;Bordeaux;fr FRA;14;38;10;11;17;34;42;-8;41;1.08;39.7;53.5;-13.7;-0.36;20838;François Kamano - 10;Benoît Costil;18-19;33;50.1;38;22887;2213;7373;11265;4502;550;22881;345;657;52.5;606;427;14339;996
61;Bournemouth;eng ENG;14;38;13;6;19;56;70;-14;45;1.18;53.3;57.2;-3.9;-0.1;10532;Callum Wilson - 14;Asmir Begovi?;18-19;28;46.9;38;21977;2441;7577;9464;5189;834;21968;291;578;50.3;565;356;13338;1068
84;Brighton;eng ENG;17;38;9;9;20;35;60;-25;36;0.95;35.3;59.1;-23.8;-0.63;30426;Glenn Murray - 13;Mathew Ryan;18-19;21;42.4;38;20174;2480;7049;9025;4302;576;20169;269;516;52.1;590;336;11334;794
75;Burnley;eng ENG;15;38;11;7;20;45;68;-23;40;1.05;44.4;62.1;-17.7;-0.47;20534;Ashley Barnes - 12;Tom Heaton, Joe Hart;18-19;23;41.2;38;19109;2550;6116;8854;4340;628;19106;207;370;55.9;525;314;9969;807
89;Caen;fr FRA;19;38;7;12;19;29;54;-25;33;0.87;31;63.8;-32.8;-0.86;16654;Enzo Crivelli, Casimir Ninga - 6;Brice Samba;18-19;26;44;38;19927;2214;6897;9757;3496;444;19923;268;535;50.1;656;412;11320;728
71;Cagliari;it ITA;15;38;10;11;17;36;54;-18;41;1.08;42.1;62.1;-20;-0.53;15396;Leonardo Pavoletti - 16;Alessio Cragno;18-19;30;49.8;38;22869;2401;6869;11135;5065;650;22866;180;346;52;540;368;14308;1001
87;Cardiff City;eng ENG;18;38;10;4;24;34;69;-35;34;0.89;42.4;61.5;-19.1;-0.5;31408;Bobby Reid, Víctor Camarasa - 5;Neil Etheridge;18-19;25;35.4;38;16231;2239;5485;6519;4426;702;16227;260;475;54.7;519;332;7035;640
70;Celta Vigo;es ESP;17;38;10;11;17;53;62;-9;41;1.08;46.5;60.9;-14.4;-0.38;17603;Iago Aspas - 20;Rubén Blanco;18-19;28;51.6;38;22801;2313;7256;10857;4919;663;22794;380;626;60.7;499;371;14827;878
12;Chelsea;eng ENG;3;38;21;9;8;63;39;24;72;1.89;58.6;36.4;22.2;0.58;40437;Eden Hazard - 16;Kepa Arrizabalaga;18-19;24;62.9;38;30666;2116;7626;14418;8866;1019;30661;449;703;63.9;512;458;22750;1449
97;Chievo;it ITA;20;38;2;14;22;25;75;-50;17;0.45;36;60.3;-24.3;-0.64;12142;Mariusz St?pi?ski - 6;Stefano Sorrentino;18-19;36;43.3;38;20584;2387;7163;9592;4026;493;20578;201;365;55.1;544;358;12390;913
52;Crystal Palace;eng ENG;12;38;14;7;17;51;53;-2;49;1.29;47.6;50.1;-2.5;-0.07;25455;Luka Milivojevi? - 12;Vicente Guaita;18-19;26;45.2;38;21602;2335;7091;9708;5052;878;21591;377;667;56.5;576;473;12527;1059
86;Dijon;fr FRA;18;38;9;7;22;31;60;-29;34;0.89;39.8;58.2;-18.5;-0.49;13044;Júlio Tavares - 5;Rúnar Alex Rúnarsson;18-19;26;47.9;38;21287;2173;6642;10112;4794;586;21284;350;602;58.1;603;383;12868;966
7;Dortmund;de GER;2;34;23;7;4;81;44;37;76;2.24;61.5;39.9;21.5;0.63;80841;Paco Alcácer - 18;Roman Bürki;18-19;23;58.1;34;25804;1846;6548;13627;5873;826;25800;440;737;59.7;530;381;18612;1157
53;Düsseldorf;de GER;10;34;13;5;16;49;65;-16;44;1.29;47.1;62.4;-15.3;-0.45;43869;Dodi Lukebakio, Benito Raman - 10;Michael Rensing;18-19;24;43.2;34;18302;2089;6606;8196;3705;568;18295;232;435;53.3;466;257;10913;898
57;Eibar;es ESP;12;38;11;14;13;46;50;-4;47;1.24;54.8;45.9;9;0.24;4896;Charles - 14;Marko Dmitrovi?;18-19;25;54;38;22408;1615;5016;10728;6911;904;22400;344;592;58.1;576;387;12723;1117
29;Eint Frankfurt;de GER;7;34;15;9;10;60;48;12;54;1.59;57.2;50.7;6.6;0.19;49794;Luka Jovi? - 17;Kevin Trapp;18-19;30;47.2;34;18816;1936;5755;9039;4272;694;18812;293;522;56.1;528;365;10402;972
78;Empoli;it ITA;18;38;10;8;20;51;70;-19;38;1;52.4;63.6;-11.3;-0.3;962;Francesco Caputo - 16;Ivan Provedel;18-19;29;47.9;38;22159;2412;6730;10091;5613;824;22152;333;556;59.9;544;367;14474;1151
42;Espanyol;es ESP;7;38;14;11;13;48;50;-2;53;1.39;48.9;53.8;-4.9;-0.13;19388;Borja Iglesias - 17;Diego López;18-19;25;49.4;38;21817;2516;7602;9636;4848;675;21813;318;523;60.8;565;374;13690;1120
39;Everton;eng ENG;8;38;15;9;14;54;46;8;54;1.42;49.7;45.7;4;0.1;39043;Gylfi Sigurðsson, Richarlison - 13;Jordan Pickford;18-19;23;51.5;38;22893;2178;6893;10447;5800;848;22889;328;587;55.9;693;469;13698;1098
68;Fiorentina;it ITA;16;38;8;17;13;47;45;2;41;1.08;54;41;13;0.34;31178;Marco Benassi - 7;Alban Lafont;18-19;27;50.4;38;21640;2180;6440;10212;5227;822;21634;306;591;51.8;601;376;13137;1107
74;Freiburg;de GER;13;34;8;12;14;46;61;-15;36;1.06;40.9;61.1;-20.2;-0.6;23894;Nils Petersen - 10;Alexander Schwolow;18-19;28;44;34;18658;2196;6585;8618;3625;531;18653;236;441;53.5;464;300;11222;793
94;Frosinone;it ITA;19;38;5;10;23;29;69;-40;25;0.66;38.9;62;-23.1;-0.61;12656;Camillo Ciano - 7;Marco Sportiello;18-19;33;41.5;38;19598;2439;7166;8722;3933;518;19593;213;427;49.9;482;348;11382;881
93;Fulham;eng ENG;19;38;7;5;26;34;81;-47;26;0.68;41.3;68.2;-26.8;-0.71;24371;Aleksandar Mitrovi? - 11;Sergio Rico;18-19;28;48.8;38;23683;2600;7312;11886;4690;586;23680;352;566;62.2;594;486;14908;1056
77;Genoa;it ITA;17;38;8;14;16;39;57;-18;38;1;46.9;53.3;-6.4;-0.17;2095;Krzysztof Pi?tek - 13;Ionu? Radu;18-19;31;43.4;38;19492;2068;5865;8546;5344;745;19487;289;501;57.7;497;329;11029;927
32;Getafe;es ESP;5;38;15;14;9;48;35;13;59;1.55;46.2;43.6;2.6;0.07;11;Jorge Molina, Jaime Mata - 14;David Soria;18-19;26;40.7;38;17258;1818;5166;7694;4621;686;17252;299;576;51.9;589;366;7938;841
81;Girona;es ESP;18;38;9;10;19;37;53;-16;37;0.97;43.5;52.7;-9.2;-0.24;10948;Cristhian Stuani - 19;Yassine Bounou;18-19;26;48;38;21304;2441;7564;9809;4178;629;21298;316;537;58.8;502;370;12972;947
92;Guingamp;fr FRA;20;38;5;12;21;28;68;-40;27;0.71;40.4;53.4;-12.9;-0.34;14731;Marcus Thuram - 9;Marc-Aurèle Caillard;18-19;30;44.1;38;19912;1854;5714;9670;4777;679;19907;354;573;61.8;605;475;11163;976
95;Hannover 96;de GER;17;34;5;6;23;31;71;-40;21;0.62;37.2;67.8;-30.5;-0.9;38365;Hendrik Weydandt - 6;Michael Esser;18-19;32;46.3;34;19175;2246;6556;9154;3684;524;19172;277;529;52.4;558;389;11183;841
55;Hertha BSC;de GER;11;34;11;10;13;49;57;-8;43;1.26;51;61.4;-10.5;-0.31;49258;Ondrej Duda - 11;Rune Jarstein;18-19;26;47.9;34;19961;2092;6055;10217;3904;603;19957;305;515;59.2;554;332;12178;932
35;Hoffenheim;de GER;9;34;13;12;9;70;52;18;51;1.5;75.9;52.5;23.4;0.69;28456;Andrej Kramari? - 17;Oliver Baumann;18-19;29;53.8;34;21907;2007;6569;10325;5265;925;21900;356;596;59.7;499;361;14268;1210
98;Huddersfield;eng ENG;20;38;3;7;28;22;76;-54;16;0.42;28.8;60.9;-32.2;-0.85;23203;Karlan Grant - 4;Jonas Lössl;18-19;31;47.2;38;21903;2088;6895;9998;5247;592;21902;230;443;51.9;567;399;12883;825
88;Huesca;es ESP;19;38;7;12;19;43;65;-22;33;0.87;50.8;60.2;-9.4;-0.25;6605;Ezequiel Ávila - 10;Roberto Santamaría;18-19;30;44.5;38;19209;2117;6313;8610;4523;717;19202;314;592;53;557;356;10409;856
17;Inter;it ITA;4;38;20;9;9;57;33;24;69;1.82;63.8;38.3;25.6;0.67;57405;Mauro Icardi - 11;Samir Handanovi?;18-19;23;59.4;38;27223;2162;7220;13184;7064;987;27214;285;512;55.7;534;310;19318;1294
4;Juventus;it ITA;1;38;28;6;4;70;30;40;90;2.37;60.7;35.8;25;0.66;37799;Cristiano Ronaldo - 21;Wojciech Szcz?sny;18-19;31;55.9;38;25734;2001;6533;12728;6713;901;25726;376;637;59;496;320;18152;1223
34;Lazio;it ITA;8;38;17;8;13;56;46;10;59;1.55;60.4;47;13.4;0.35;33997;Ciro Immobile - 15;Thomas Strakosha;18-19;30;50.8;38;23940;2145;6593;11135;6464;934;23934;344;612;56.2;526;332;15649;1266
60;Leganés;es ESP;13;38;11;12;15;37;43;-6;45;1.18;40.6;41.2;-0.6;-0.02;10416;Youssef En-Nesyri - 9;Iván Cuéllar;18-19;29;43.1;38;19098;1986;6175;8691;4452;624;19093;253;469;53.9;476;304;10599;766
45;Leicester City;eng ENG;9;38;15;7;16;51;48;3;52;1.37;52.4;43.7;8.7;0.23;31851;Jamie Vardy - 18;Kasper Schmeichel;18-19;25;50.9;38;23546;2241;7078;10972;5751;788;23540;392;664;59;582;357;14488;1088
63;Levante;es ESP;15;38;11;11;16;59;66;-7;44;1.16;53.9;76.2;-22.3;-0.59;20216;Roger Martí - 13;Oier Olazábal;18-19;26;45.7;38;18840;2278;6345;8286;4472;679;18832;402;738;54.5;535;429;10677;929
23;Leverkusen;de GER;4;34;18;4;12;69;52;17;58;1.71;58.3;44;14.3;0.42;2799;Kai Havertz - 17;Lukáš Hrádecký;18-19;21;59.8;34;25878;1979;6964;13333;5775;856;25873;326;555;58.7;581;394;18050;1326
10;Lille;fr FRA;2;38;22;9;7;68;33;35;75;1.97;59.5;42.1;17.4;0.46;34079;Nicolas Pépé - 22;Mike Maignan;18-19;25;51.4;38;22352;1951;6296;11449;4848;666;22339;365;632;57.8;550;461;14349;1058
2;Liverpool;eng ENG;2;38;30;7;1;89;22;67;97;2.55;73.7;28.8;44.9;1.18;52983;Sadio Mané, Mohamed Salah - 22;Alisson;18-19;23;61.8;38;29426;1946;6907;15327;7425;1117;29419;356;619;57.5;603;424;20960;1497
13;Lyon;fr FRA;3;38;21;9;8;70;47;23;72;1.89;73.7;43.9;29.8;0.78;49079;Moussa Dembélé - 15;Anthony Lopes;18-19;25;60.4;38;26813;2011;6499;14105;6447;999;26803;463;764;60.6;601;454;18826;1487
25;M'Gladbach;de GER;5;34;16;7;11;55;42;13;55;1.62;52.2;52.3;0;0;49668;Alassane Pléa - 12;Yann Sommer;18-19;22;53.1;34;22439;2125;7039;10960;4621;709;22432;280;488;57.4;473;300;15573;1100
56;Mainz 05;de GER;12;34;12;7;15;46;57;-11;43;1.26;51.2;59.2;-8;-0.24;26246;Jean-Philippe Mateta - 14;Florian Müller;18-19;28;46.1;34;19193;2024;6002;8741;4692;637;19190;316;556;56.8;513;393;11313;928
1;Manchester City;eng ENG;1;38;32;2;4;95;23;72;98;2.58;84.3;24.7;59.6;1.57;5413;Sergio Agüero - 21;Ederson;18-19;21;67.9;38;32110;1824;6104;16557;9689;1457;32106;437;734;59.5;509;393;24454;1621
22;Manchester Utd;eng ENG;6;38;19;9;10;65;54;11;66;1.74;61.4;50.6;10.8;0.29;74498;Paul Pogba - 13;David de Gea;18-19;28;54.7;38;24998;2272;6751;12538;5908;878;24987;321;553;58;528;424;16677;1275
28;Marseille;fr FRA;5;38;18;7;13;60;52;8;61;1.61;52.7;45.6;7.1;0.19;5014;Florian Thauvin - 16;Steve Mandanda;18-19;24;55.2;38;24148;1979;6844;12151;5429;778;24144;355;655;54.2;570;366;15769;983
18;Milan;it ITA;5;38;19;11;8;55;36;19;68;1.79;48.8;41.2;7.6;0.2;54651;Krzysztof Pi?tek - 9;Gianluigi Donnarumma;18-19;23;54.1;38;25101;2441;7733;11824;5780;748;25097;341;543;62.8;583;415;17385;1234
83;Monaco;fr FRA;17;38;8;12;18;38;57;-19;36;0.95;47.4;50.2;-2.8;-0.07;8447;Radamel Falcao - 15;Diego Benaglio;18-19;42;49.8;38;22158;1894;6336;10831;5220;687;22153;292;574;50.9;640;350;13944;1174
33;Montpellier;fr FRA;6;38;15;14;9;53;42;11;59;1.55;50.1;41.8;8.2;0.22;13829;Andy Delort - 14;Benjamin Lecomte;18-19;25;48;38;22063;2062;6809;10433;5032;656;22060;303;563;53.8;600;387;13404;1104
54;Nantes;fr FRA;12;38;13;9;16;48;48;0;48;1.26;49.1;47;2.1;0.05;25185;Emiliano Sala - 12;Ciprian T?t?ru?anu;18-19;33;50.1;38;22064;2072;6424;10343;5537;687;22056;280;507;55.2;645;396;13152;1092
8;Napoli;it ITA;2;38;24;7;7;74;36;38;79;2.08;61.8;38.2;23.5;0.62;29003;Arkadiusz Milik - 17;David Ospina;18-19;26;59.1;38;28562;1997;6533;14860;7414;917;28558;336;570;58.9;470;325;20935;1423
59;Newcastle Utd;eng ENG;13;38;12;9;17;42;48;-6;45;1.18;39.1;53.6;-14.5;-0.38;51121;Ayoze Pérez - 12;Martin Dúbravka;18-19;24;40.4;38;19978;2366;7047;8734;4396;632;19975;236;444;53.2;590;400;10638;749
37;Nice;fr FRA;7;38;15;11;12;30;35;-5;56;1.47;46.3;50;-3.7;-0.1;19126;Allan Saint-Maximin, Youcef Atal - 6;Walter Benítez;18-19;30;54.8;38;25737;2499;8572;12960;4465;666;25728;506;927;54.6;653;409;17871;999
41;Nîmes;fr FRA;9;38;15;8;15;57;58;-1;53;1.39;50;56.5;-6.5;-0.17;13994;Denis Bouanga, Renaud Ripart - 8;Paul Bernardoni;18-19;23;45.7;38;20135;1852;6353;9028;4991;664;20129;362;681;53.2;645;405;11203;838
96;Nürnberg;de GER;18;34;3;10;21;26;68;-42;19;0.56;35.7;52.9;-17.2;-0.51;40372;Mikael Ishak, Hanno Behrens - 4;Christian Mathenia;18-19;27;42.4;34;17874;2368;6873;7807;3389;459;17868;253;468;54.1;486;293;10432;738
3;Paris S-G;fr FRA;1;38;29;4;5;105;35;70;91;2.39;88.9;37.6;51.3;1.35;46911;Kylian Mbappé - 33;Alphonse Areola;18-19;30;63.7;38;28825;1850;6522;15299;7247;1100;28813;453;748;60.6;501;454;21701;1603
73;Parma;it ITA;14;38;10;11;17;41;61;-20;41;1.08;40.2;65.3;-25.1;-0.66;16522;Gervinho - 11;Luigi Sepe;18-19;31;37.7;38;17926;2769;7198;7527;3439;489;17921;279;519;53.8;529;375;9764;765
90;Rayo Vallecano;es ESP;20;38;8;8;22;41;70;-29;32;0.84;48.7;60;-11.3;-0.3;11928;Raúl de Tomás - 14;Stole Dimitrievski;18-19;29;48.7;38;20663;2352;7161;9270;4525;616;20658;534;848;63;644;495;12317;889
11;RB Leipzig;de GER;3;34;19;9;6;63;29;34;66;1.94;65.7;40.5;25.2;0.74;3838;Timo Werner - 16;Péter Gulácsi;18-19;23;49.6;34;20923;1643;5264;10318;5581;815;20916;312;555;56.2;574;391;12270;1241
19;Real Madrid;es ESP;3;38;21;5;12;63;46;17;68;1.79;66.7;47.1;19.6;0.52;6104;Karim Benzema - 21;Thibaut Courtois;18-19;27;60.1;38;27966;2048;7400;13377;7445;1067;27957;460;756;60.8;493;356;20458;1329
47;Real Sociedad;es ESP;9;38;13;11;14;45;46;-1;50;1.32;49.7;48.6;1.1;0.03;2231;Mikel Oyarzabal - 13;Gerónimo Rulli;18-19;30;51.7;38;22627;2473;7649;10633;4589;654;22617;411;679;60.5;571;466;14374;932
38;Reims;fr FRA;8;38;13;16;9;39;42;-3;55;1.45;38.1;45;-6.9;-0.18;14342;Remi Oudin - 10;Edouard Mendy;18-19;27;43.6;38;20009;2160;7382;8839;4066;606;20007;319;588;54.3;603;338;11425;888
44;Rennes;fr FRA;10;38;13;13;12;55;52;3;52;1.37;55.6;47.6;8;0.21;23675;M'Baye Niang - 11;Tomáš Koubek;18-19;28;50.6;38;22091;1915;6572;10780;5027;666;22082;390;768;50.8;611;373;13978;1065
21;Roma;it ITA;6;38;18;12;8;66;48;18;66;1.74;64.4;52.1;12.2;0.32;38622;Stephan El Shaarawy - 11;Robin Olsen;18-19;26;51.4;38;23083;2317;6666;10759;5894;929;23077;363;640;56.7;549;347;15145;1202
20;Saint-Étienne;fr FRA;4;38;19;9;10;59;41;18;66;1.74;56.7;50.4;6.3;0.16;284;Wahbi Khazri - 13;Stéphane Ruffier;18-19;29;52.5;38;23285;2122;7539;10976;5005;766;23280;314;569;55.2;518;407;14913;1089
40;Sampdoria;it ITA;9;38;15;8;15;60;51;9;53;1.39;50.5;55;-4.5;-0.12;20263;Fabio Quagliarella - 26;Emil Audero;18-19;24;54.9;38;25003;2489;7147;12333;5758;709;24992;286;478;59.8;526;461;16918;1261
65;Sassuolo;it ITA;11;38;9;16;13;53;60;-7;43;1.13;48.5;57.4;-8.9;-0.23;12369;Domenico Berardi - 8;Andrea Consigli;18-19;29;53.8;38;23978;2343;7530;11304;5395;662;23973;359;631;56.9;553;388;16204;1050
82;Schalke 04;de GER;14;34;8;9;17;37;55;-18;33;0.97;45.6;50.1;-4.5;-0.13;60941;Daniel Caligiuri - 7;Alexander Nübel;18-19;32;45.4;34;18404;1853;5906;8907;3876;645;18395;358;610;58.7;525;377;10641;907
31;Sevilla;es ESP;6;38;17;8;13;62;47;15;59;1.55;66.6;45.4;21.3;0.56;35993;Wissam Ben Yedder - 18;Tomáš Vaclík;18-19;27;52.3;38;22756;2170;7180;9918;5914;942;22751;357;606;58.9;486;391;14367;1268
76;Southampton;eng ENG;16;38;9;12;17;45;65;-20;39;1.03;46.9;55.1;-8.2;-0.22;30139;Danny Ings, James Ward-Prowse - 7;Alex McCarthy;18-19;30;43.4;38;20735;2164;5998;9937;5018;701;20730;287;508;56.5;539;380;11296;971
67;SPAL;it ITA;13;38;11;9;18;44;56;-12;42;1.11;43.9;51.3;-7.3;-0.19;14745;Andrea Petagna - 16;Alfred Gomis;18-19;28;50.4;38;21814;2546;7369;9789;4927;609;21806;274;492;55.7;541;397;14061;855
51;Strasbourg;fr FRA;11;38;11;16;11;58;48;10;49;1.29;41.3;51.2;-9.9;-0.26;25216;Ludovic Ajorque, Lebo Mothiba - 9;Matz Sels;18-19;26;50.1;38;22628;2153;7089;10864;4896;562;22622;286;515;55.5;591;399;14549;1042
91;Stuttgart;de GER;16;34;7;7;20;32;70;-38;28;0.82;38;58.2;-20.1;-0.59;54577;Mario Gómez - 7;Ron-Robert Zieler;18-19;26;45.9;34;19117;2101;6329;8892;4070;580;19116;239;397;60.2;499;308;11041;791
24;Torino;it ITA;7;38;16;15;7;52;37;15;63;1.66;46.6;47.7;-1.1;-0.03;21323;Andrea Belotti - 15;Salvatore Sirigu;18-19;25;51.1;38;21511;2139;6364;10103;5323;750;21505;338;589;57.4;629;450;12684;970
14;Tottenham;eng ENG;4;38;23;2;13;67;39;28;71;1.87;54.9;47.1;7.8;0.2;54216;Harry Kane - 17;Hugo Lloris;18-19;28;59;38;27206;2495;7727;13405;6329;869;27202;370;672;55.1;603;349;18617;1255
80;Toulouse;fr FRA;16;38;8;14;16;35;57;-22;38;1;45.7;56.4;-10.7;-0.28;16224;Max Gradel - 11;Baptiste Reynet;18-19;29;48.2;38;21480;2395;6811;10081;4834;664;21469;366;695;52.7;696;447;12715;1055
66;Udinese;it ITA;12;38;11;10;17;39;53;-14;43;1.13;42.5;59.7;-17.2;-0.45;20414;Rodrigo De Paul - 9;Juan Musso;18-19;31;42.6;38;19704;2372;6678;9216;4057;592;19697;337;564;59.8;605;374;11382;795
27;Valencia;es ESP;4;38;15;16;7;51;35;16;61;1.61;60.7;42.9;17.8;0.47;39504;Daniel Parejo - 9;Neto;18-19;25;47.1;38;21581;2111;6698;9827;5300;822;21574;343;589;58.2;501;337;13494;1135
72;Valladolid;es ESP;16;38;10;11;17;32;51;-19;41;1.08;41.1;58.5;-17.5;-0.46;18992;Enes Ünal - 6;Jordi Masip;18-19;28;46.8;38;20328;2301;6927;8995;4616;589;20321;294;477;61.6;507;347;11880;870
62;Villarreal;es ESP;14;38;10;14;14;49;52;-3;44;1.16;53.9;55;-1.1;-0.03;16732;Karl Toko Ekambi - 10;Sergio Asenjo;18-19;26;48.3;38;21741;2206;6781;10019;5180;800;21735;348;603;57.7;503;340;13599;1168
48;Watford;eng ENG;11;38;14;8;16;52;59;-7;50;1.32;48.2;59.2;-11;-0.29;20016;Gerard Deulofeu - 10;Ben Foster;18-19;25;46.7;38;21427;2264;6519;9866;5229;831;21426;292;543;53.8;586;418;12387;966
30;Werder Bremen;de GER;8;34;14;11;9;58;49;9;53;1.56;49.8;56.1;-6.4;-0.19;41403;Max Kruse - 11;Ji?í Pavlenka;18-19;24;52.1;34;22186;2120;6402;10692;5274;712;22182;220;413;53.3;523;332;14214;1258
46;West Ham;eng ENG;10;38;15;7;16;52;55;-3;52;1.37;47.6;61.9;-14.3;-0.38;58336;Marko Arnautovi? - 10;?ukasz Fabia?ski;18-19;26;48.6;38;22451;2360;6349;11060;5283;777;22446;389;668;58.2;552;390;13706;1009
26;Wolfsburg;de GER;6;34;16;7;11;62;50;12;55;1.62;47.6;48.3;-0.7;-0.02;24479;Wout Weghorst - 17;Koen Casteels;18-19;25;53.3;34;20848;2364;7151;9520;4395;644;20843;256;436;58.7;489;330;13003;975
36;Wolves;eng ENG;7;38;16;9;13;47;46;1;57;1.5;52.1;42.1;10.1;0.26;3103;Raúl Jiménez - 13;Rui Patrício;18-19;21;46.8;38;22613;2106;6758;11079;5005;701;22609;331;596;55.5;498;401;13790;987
55;Alavés;es ESP;14;38;15;2;21;40;50;-10;47;1.24;38.5;55.9;-17.4;-0.46;18845;Munir El Haddadi - 10;Fernando Pacheco;17-18;30;40.3;38;17961;2213;6350;8013;3846;558;17958;330;577;57.2;534;403;9534;743
59;Amiens;fr FRA;13;38;12;9;17;37;42;-5;45;1.18;32.8;54.9;-22.1;-0.58;9521;Moussa Konaté - 13;Régis Gurtner;17-18;30;43.3;38;19942;2458;7006;9599;3615;466;19938;397;610;65.1;618;503;11067;881
68;Angers;fr FRA;14;38;9;14;15;42;52;-10;41;1.08;47.6;45.8;1.8;0.05;11065;Karl Toko Ekambi - 17;Ludovic Butelle;17-18;27;45.1;38;20991;1784;6339;10105;4795;605;20987;379;607;62.4;542;490;12626;1019
22;Arsenal;eng ENG;6;38;19;6;13;74;51;23;63;1.66;68.3;47.8;20.5;0.54;59323;Alexandre Lacazette - 14;Petr ?ech;17-18;30;61.4;38;29053;2215;7507;13534;8229;1098;29048;383;547;70;540;412;20681;1612
27;Atalanta;it ITA;7;38;16;12;10;57;39;18;60;1.58;64.1;36.6;27.5;0.72;17921;Josip Ili?i? - 11;Etrit Berisha;17-18;25;55.4;38;25442;1939;6872;11975;6862;1000;25433;442;704;62.8;599;449;16768;1376
64;Athletic Club;es ESP;16;38;10;13;15;41;49;-8;43;1.13;49.7;50.3;-0.6;-0.02;37246;Raúl García - 10;Kepa Arrizabalaga;17-18;26;49.6;38;21587;2148;6409;10268;5194;749;21578;350;611;57.3;501;409;13031;1007
9;Atlético Madrid;es ESP;2;38;23;10;5;58;22;36;79;2.08;50.2;35.8;14.4;0.38;52707;Antoine Griezmann - 19;Jan Oblak;17-18;26;47.5;38;22918;2123;7045;10681;5440;735;22913;426;693;61.5;548;448;14374;1075
57;Augsburg;de GER;12;34;10;11;13;43;46;-3;41;1.21;44.7;41.4;3.3;0.1;28238;Michael Gregoritsch - 13;Marwin Hitz;17-18;27;45.7;34;18052;2002;6259;7883;4130;623;18048;185;441;42;421;320;10062;838
5;Barcelona;es ESP;1;38;28;9;1;99;29;70;93;2.45;83.5;41.9;41.6;1.09;67142;Lionel Messi - 34;Marc-André ter Stegen;17-18;25;62.8;38;29238;2251;7375;14155;7976;1212;29233;619;973;63.6;486;465;21957;1556
3;Bayern Munich;de GER;1;34;27;3;4;92;28;64;84;2.47;75.8;31.7;44.1;1.3;75;Robert Lewandowski - 29;Sven Ulreich;17-18;28;66.1;34;27188;1775;6533;13281;7577;1003;27180;277;679;40.8;345;219;20368;1638
97;Benevento;it ITA;20;38;6;3;29;33;84;-51;21;0.55;38.3;73.2;-34.9;-0.92;12132;Cheick Diabaté - 8;Christian Puggioni;17-18;41;47.5;38;21911;2549;8007;9812;4389;567;21908;393;665;59.1;541;425;14088;851
28;Betis;es ESP;6;38;18;6;14;60;61;-1;60;1.58;46;49;-3.1;-0.08;46781;Sergio León - 11;Antonio Adán;17-18;29;56.9;38;25363;2526;8057;12452;5098;575;25360;439;681;64.5;520;381;17762;1022
76;Bologna;it ITA;15;38;11;6;21;40;52;-12;39;1.03;36.6;51.4;-14.8;-0.39;20903;Simone Verdi - 10;Antonio Mirante;17-18;30;46.8;38;21750;2534;7627;10244;4119;529;21746;327;473;69.1;599;469;13450;975
35;Bordeaux;fr FRA;6;38;16;7;15;53;48;5;55;1.45;51;43.6;7.5;0.2;26048;Malcom - 12;Benoît Costil;17-18;31;50.6;38;22588;1938;6599;11133;5139;690;22582;459;766;59.9;605;426;14396;1039
62;Bournemouth;eng ENG;12;38;11;11;16;45;61;-16;44;1.16;38.8;59.2;-20.4;-0.54;10641;Joshua King, Callum Wilson - 8;Asmir Begovi?;17-18;22;48.1;38;22169;2423;7646;9442;5325;780;22166;343;638;53.8;564;419;13269;1095
74;Brighton;eng ENG;15;38;9;13;16;34;54;-20;40;1.05;37;50.8;-13.8;-0.36;30403;Glenn Murray - 12;Mathew Ryan;17-18;24;43.7;38;20405;2540;7482;8745;4410;585;20398;299;487;61.4;496;296;11679;883
40;Burnley;eng ENG;7;38;14;12;12;36;39;-3;54;1.42;32.3;51.2;-18.9;-0.5;20688;Chris Wood - 10;Nick Pope;17-18;24;43.7;38;19387;2386;6339;8939;4291;586;19387;218;345;63.2;489;345;10359;806
80;Caen;fr FRA;16;38;10;8;20;27;52;-25;38;1;42.8;48;-5.2;-0.14;17187;Ivan Santini - 11;Rémy Vercoutre;17-18;26;45.5;38;20504;1959;6189;9963;4604;518;20496;306;469;65.2;634;463;11410;1095
77;Cagliari;it ITA;16;38;11;6;21;33;61;-28;39;1.03;39.7;59.2;-19.5;-0.51;14685;Leonardo Pavoletti - 11;Alessio Cragno;17-18;29;45.3;38;20628;2218;7082;9412;4355;614;20621;237;411;57.7;536;350;12037;992
48;Celta Vigo;es ESP;13;38;13;10;15;59;60;-1;49;1.29;55;55.3;-0.3;-0.01;16195;Iago Aspas - 22;Rubén Blanco;17-18;23;55.7;38;24672;2461;8029;11870;5023;698;24669;376;603;62.4;501;428;16787;1141
20;Chelsea;eng ENG;5;38;21;7;10;62;38;24;70;1.84;54.4;33.8;20.6;0.54;41282;Eden Hazard - 12;Thibaut Courtois;17-18;26;55.6;38;27032;2311;8072;12024;7255;992;27029;513;734;69.9;533;414;18771;1395
75;Chievo;it ITA;13;38;10;10;18;36;59;-23;40;1.05;34.1;55.2;-21.2;-0.56;1254;Roberto Inglese - 12;Stefano Sorrentino;17-18;25;44.4;38;20954;2467;6964;9396;4813;580;20952;204;378;54;498;342;12578;992
86;Crotone;it ITA;18;38;9;8;21;40;66;-26;35;0.92;34.6;58.6;-24;-0.63;10581;Marcello Trotta, Simeon Nwankwo - 7;Alex Cordaz;17-18;29;39.9;38;19267;2355;6818;8634;4077;524;19264;251;419;59.9;603;388;10173;945
61;Crystal Palace;eng ENG;11;38;11;11;16;45;55;-10;44;1.16;53.5;48.2;5.2;0.14;25063;Luka Milivojevi? - 10;Wayne Hennessey;17-18;28;45.2;38;20724;2199;6624;9112;5240;797;20714;479;718;66.7;618;482;11644;950
52;Dijon;fr FRA;11;38;13;9;16;55;73;-18;48;1.26;41.6;63.8;-22.2;-0.58;12228;Júlio Tavares - 12;Baptiste Reynet;17-18;26;48.4;38;21491;2438;7270;10185;4324;594;21486;441;624;70.7;571;444;13073;974
24;Dortmund;de GER;4;34;15;10;9;64;47;17;55;1.62;66;42.2;23.8;0.7;79496;Pierre-Emerick Aubameyang - 13;Roman Bürki;17-18;30;59.1;34;24057;1682;5904;12753;5624;862;24051;304;679;44.8;405;321;16501;1227
45;Eibar;es ESP;9;38;14;9;15;44;50;-6;51;1.34;40.9;44.4;-3.5;-0.09;5338;Charles, Kike - 8;Marko Dmitrovi?;17-18;27;52;38;21816;1658;5349;10633;6083;708;21813;352;649;54.2;621;374;12524;971
37;Eint Frankfurt;de GER;8;34;14;7;13;45;45;0;49;1.44;42.2;41.7;0.5;0.01;49159;Sébastien Haller - 9;Lukáš Hrádecký;17-18;28;47.9;34;19177;1814;5927;9629;3832;647;19175;246;550;44.7;376;354;11281;1024
49;Espanyol;es ESP;11;38;12;13;13;36;42;-6;49;1.29;41.1;52.3;-11.2;-0.29;17882;Gerard Moreno - 16;Pau López;17-18;25;46.9;38;21168;2166;7141;9821;4411;583;21166;323;596;54.2;534;388;12590;871
50;Everton;eng ENG;8;38;13;10;15;44;58;-14;49;1.29;40.5;52.4;-11.9;-0.31;38797;Wayne Rooney - 10;Jordan Pickford;17-18;30;45.5;38;20931;2432;7102;9188;4846;599;20923;264;461;57.3;616;381;11776;846
32;Fiorentina;it ITA;8;38;16;9;13;54;46;8;57;1.5;54.5;40.8;13.7;0.36;26092;Giovanni Simeone - 14;Marco Sportiello;17-18;27;52.6;38;23966;2081;7072;11366;5754;781;23958;348;570;61.1;561;407;15273;1258
72;Freiburg;de GER;15;34;8;12;14;32;56;-24;36;1.06;39.6;46.1;-6.6;-0.19;23894;Nils Petersen - 15;Alexander Schwolow;17-18;29;44.8;34;18513;2230;6841;8273;3611;496;18503;219;454;48.2;375;392;10961;862
69;Genoa;it ITA;12;38;11;8;19;33;43;-10;41;1.08;43.5;42.6;0.9;0.02;20941;Gianluca Lapadula - 6;Mattia Perin;17-18;33;46.3;38;21455;2205;6950;9704;5090;676;21450;331;509;65;557;382;13145;1062
34;Getafe;es ESP;8;38;15;10;13;42;33;9;55;1.45;48.2;39.7;8.5;0.22;10428;Ángel Rodríguez - 13;Vicente Guaita;17-18;32;40.2;38;17158;1874;5661;7393;4308;571;17147;296;584;50.7;540;408;8368;815
46;Girona;es ESP;10;38;14;9;15;50;59;-9;51;1.34;50.6;50.4;0.2;0.01;10424;Cristhian Stuani - 21;Yassine Bounou;17-18;25;46.8;38;19877;1993;6524;9108;4480;655;19869;360;644;55.9;475;369;11686;813
56;Guingamp;fr FRA;12;38;12;11;15;48;59;-11;47;1.24;45.5;49;-3.5;-0.09;14502;Jimmy Briand - 11;Karl-Johan Johnsson;17-18;23;49.7;38;21892;2061;6492;10532;5110;655;21885;400;618;64.7;581;441;13640;1046
87;Hamburger SV;de GER;17;34;8;7;19;29;53;-24;31;0.91;37.7;55.9;-18.2;-0.54;50656;Lewis Holtby - 6;Christian Mathenia;17-18;29;49;34;19030;1831;5780;9114;4394;693;19025;265;671;39.5;457;365;10607;981
63;Hannover 96;de GER;13;34;10;9;15;44;54;-10;39;1.15;44.6;55.6;-11;-0.32;42706;Niclas Füllkrug - 14;Philipp Tschauner;17-18;26;46.9;34;18930;2235;6794;8538;3808;563;18925;230;484;47.5;424;387;10669;952
94;Hellas Verona;it ITA;19;38;7;4;27;30;78;-48;25;0.66;33;70.2;-37.1;-0.98;17333;Moise Kean, Giampaolo Pazzini - 4;Nícolas Andrade;17-18;32;41.9;38;19789;2887;7708;8599;3773;442;19782;370;584;63.4;554;416;11365;717
51;Hertha BSC;de GER;10;34;10;13;11;43;46;-3;43;1.26;39.2;44.3;-5.1;-0.15;45319;Salomon Kalou - 12;Rune Jarstein;17-18;25;46.1;34;19210;2095;6363;9295;3747;474;19205;240;554;43.3;358;306;11622;896
23;Hoffenheim;de GER;3;34;15;10;9;66;48;18;55;1.62;50.5;47.2;3.3;0.1;28716;Mark Uth - 14;Oliver Baumann;17-18;26;51.2;34;20851;2145;7246;9642;4120;736;20846;233;552;42.2;335;373;13668;1106
84;Huddersfield;eng ENG;16;38;9;10;19;28;58;-30;37;0.97;31.3;48.5;-17.2;-0.45;2404;Steve Mounié - 7;Jonas Lössl;17-18;25;45.7;38;21271;2283;7050;9481;5004;526;21269;276;491;56.2;546;416;11815;794
18;Inter;it ITA;4;38;20;12;6;66;30;36;72;1.89;56.7;37.2;19.6;0.52;57529;Mauro Icardi - 29;Samir Handanovi?;17-18;22;57.1;38;26671;2260;7245;13060;6615;898;26664;356;553;64.4;479;356;18760;1273
2;Juventus;it ITA;1;38;30;5;3;86;24;62;95;2.5;55.3;27.4;27.9;0.73;39316;Paulo Dybala - 22;Gianluigi Buffon;17-18;24;57.2;38;27292;2015;7750;13748;6066;732;27284;519;726;71.5;516;395;20055;1205
95;Köln;de GER;18;34;5;7;22;35;70;-35;22;0.65;43.2;67.4;-24.1;-0.71;48776;Leonardo Bittencourt, Simon Terodde - 5;Timo Horn;17-18;31;47.4;34;19462;2074;6103;9450;4119;624;19459;231;559;41.3;402;258;11621;1035
92;La Coruña;es ESP;18;38;6;11;21;38;76;-38;29;0.76;51.6;58.7;-7.1;-0.19;20542;Adrián López - 9;Rubén;17-18;32;46.8;38;20965;2118;6813;9394;4991;732;20960;375;622;60.3;461;378;12634;983
96;Las Palmas;es ESP;19;38;5;7;26;24;74;-50;22;0.58;38.5;70.5;-32;-0.84;16183;Jonathan Calleri - 9;Leandro Chichizola;17-18;36;54.7;38;23589;2412;7717;11337;4820;614;23581;449;714;62.9;569;458;15645;919
17;Lazio;it ITA;5;38;21;9;8;89;49;40;72;1.89;63.7;43.9;19.9;0.52;3099;Ciro Immobile - 29;Thomas Strakosha;17-18;24;51.1;38;24352;2113;7233;11493;5924;895;24341;464;709;65.4;563;448;16208;1323
65;Leganés;es ESP;17;38;12;7;19;34;51;-17;43;1.13;39.9;47.6;-7.6;-0.2;9969;Gabriel - 5;Iván Cuéllar;17-18;28;43;38;18806;1896;6416;8462;4195;560;18803;341;608;56.1;559;453;10226;785
54;Leicester City;eng ENG;9;38;12;11;15;56;60;-4;47;1.24;50;48.1;1.9;0.05;31583;Jamie Vardy - 20;Kasper Schmeichel;17-18;27;48;38;21251;2225;6517;10083;4918;673;21245;422;718;58.8;516;358;12160;887
58;Levante;es ESP;15;38;11;13;14;44;58;-14;46;1.21;44.7;63.6;-18.8;-0.5;18534;José Luis Morales - 10;Oier Olazábal;17-18;33;42.8;38;18616;2172;6133;8179;4539;662;18611;375;685;54.7;572;445;10565;909
25;Leverkusen;de GER;5;34;15;10;9;58;44;14;55;1.62;57.5;38.9;18.6;0.55;28415;Kevin Volland - 14;Bernd Leno;17-18;24;54.6;34;22130;1896;6280;11051;5042;798;22125;308;634;48.6;367;383;14494;1211
81;Lille;fr FRA;17;38;10;8;20;41;67;-26;38;1;36.4;57.9;-21.5;-0.57;31453;Nicolas Pépé - 13;Mike Maignan;17-18;25;53.8;38;24026;2142;7555;11812;4979;588;24024;576;823;70;642;552;16058;1172
15;Liverpool;eng ENG;4;38;21;12;5;84;38;46;75;1.97;72.9;33.8;39.1;1.03;53049;Mohamed Salah - 32;Loris Karius, Simon Mignolet;17-18;27;60.3;38;28648;1845;6981;14741;7209;1056;28645;440;652;67.5;574;447;20158;1735
10;Lyon;fr FRA;3;38;23;9;6;87;43;44;78;2.05;63.4;40.1;23.3;0.61;44047;Memphis - 19;Anthony Lopes;17-18;26;55.6;38;25182;2059;6693;13365;5440;804;25175;560;865;64.7;649;499;17300;1171
42;M'Gladbach;de GER;9;34;13;8;13;47;52;-5;47;1.38;51.1;51.9;-0.8;-0.02;50986;Thorgan Hazard - 10;Yann Sommer;17-18;27;52;34;21676;2165;6550;10770;4551;710;21669;312;669;46.6;363;382;14387;1045
71;Mainz 05;de GER;14;34;9;9;16;38;52;-14;36;1.06;35.4;47.9;-12.5;-0.37;28766;Yoshinori Mut? - 8;Robin Zentner;17-18;27;44.4;34;18035;1908;6147;8345;3789;511;18031;273;634;43.1;434;390;10081;830
98;Málaga;es ESP;20;38;5;5;28;24;61;-37;20;0.53;38.4;59.4;-21;-0.55;20333;Diego Rolán - 5;Roberto;17-18;37;44.1;38;19817;2089;6491;9162;4400;541;19811;308;586;52.6;576;470;11283;809
1;Manchester City;eng ENG;1;38;32;4;2;106;27;79;100;2.63;78.6;23.8;54.8;1.44;5407;Sergio Agüero - 21;Ederson;17-18;25;71;38;33531;1774;6972;17196;9637;1250;33523;503;732;68.7;553;406;25968;1727
7;Manchester Utd;eng ENG;2;38;25;6;7;68;28;40;81;2.13;55.7;40.7;15;0.4;74976;Romelu Lukaku - 16;David de Gea;17-18;27;54.7;38;25803;2218;6990;11998;7031;891;25801;466;736;63.3;512;399;17580;1168
12;Marseille;fr FRA;4;38;22;11;5;80;47;33;77;2.03;78.1;41.8;36.3;0.96;46616;Florian Thauvin - 22;Steve Mandanda;17-18;26;57.8;38;25356;1961;6984;12832;5877;860;25348;534;786;67.9;548;461;17082;1107
93;Metz;fr FRA;20;38;6;8;24;34;76;-42;26;0.68;40.3;71.3;-31;-0.81;14844;Nolan Roux - 15;Eiji Kawashima;17-18;36;45.5;38;20976;2001;6586;10005;4655;570;20972;356;623;57.1;583;313;12492;1066
21;Milan;it ITA;6;38;18;10;10;56;42;14;64;1.68;51.2;36.9;14.3;0.38;5269;Patrick Cutrone - 10;Gianluigi Donnarumma;17-18;23;56;38;25604;2048;7338;12161;6295;826;25598;298;450;66.2;496;389;17879;1401
8;Monaco;fr FRA;2;38;24;8;6;85;45;40;80;2.11;62.3;48.5;13.8;0.36;9243;Radamel Falcao - 18;Danijel Subaši?;17-18;32;50.9;38;22672;1961;6080;11620;5225;724;22665;351;639;54.9;592;385;14287;1230
44;Montpellier;fr FRA;10;38;11;18;9;36;33;3;51;1.34;42.6;39;3.6;0.1;13458;Giovanni Sio - 10;Benjamin Lecomte;17-18;23;47;38;21818;1893;6298;10708;5093;617;21816;382;623;61.3;571;392;13442;1144
43;Nantes;fr FRA;9;38;14;10;14;36;41;-5;52;1.37;41.8;38.1;3.7;0.1;24559;Emiliano Sala - 12;Ciprian T?t?ru?anu;17-18;30;43.7;38;20651;2226;6530;9221;5121;619;20646;343;542;63.3;602;459;11619;989
6;Napoli;it ITA;2;38;28;7;3;77;29;48;91;2.39;67.1;27.1;40.1;1.05;4305;Dries Mertens - 18;Pepe Reina;17-18;23;63.4;38;33011;1836;6444;18527;8263;906;33002;348;609;57.1;472;370;25074;1760
60;Newcastle Utd;eng ENG;10;38;12;8;18;39;47;-8;44;1.16;41.6;52.4;-10.8;-0.28;51992;Ayoze Pérez - 8;Rob Elliot;17-18;27;41.7;38;20102;2275;6896;8953;4486;598;20101;304;535;56.8;523;410;10901;885
39;Nice;fr FRA;8;38;15;9;14;53;52;1;54;1.42;49.2;49.5;-0.3;-0.01;22876;Mario Balotelli - 18;Walter Benítez;17-18;31;58.1;38;27125;2253;8459;14033;4873;682;27116;504;747;67.5;506;428;20025;1156
4;Paris S-G;fr FRA;1;38;29;6;3;108;29;79;93;2.45;86.1;34.3;51.7;1.36;4693;Edinson Cavani - 28;Alphonse Areola;17-18;28;66.3;38;29949;1880;6981;16305;6935;1153;29940;638;938;68;499;433;23025;1476
29;RB Leipzig;de GER;6;34;15;8;11;57;53;4;53;1.56;51.9;46.7;5.2;0.15;39397;Timo Werner - 13;Péter Gulácsi;17-18;23;55;34;22338;1807;5819;11622;5152;783;22333;364;769;47.3;491;421;14138;1190
14;Real Madrid;es ESP;3;38;22;10;6;94;44;50;76;2;85.4;43.2;42.2;1.11;66863;Cristiano Ronaldo - 26;Keylor Navas;17-18;24;60.2;38;28020;1903;6982;13180;8148;1210;28011;501;752;66.6;460;394;20768;1509
47;Real Sociedad;es ESP;12;38;14;7;17;66;59;7;49;1.29;53.7;50.5;3.1;0.08;19793;Willian José - 15;Gerónimo Rulli;17-18;27;56.5;38;24491;2390;7561;11378;5801;817;24486;362;623;58.1;553;447;16794;1062
30;Rennes;fr FRA;5;38;16;10;12;50;44;6;58;1.53;49.8;49.3;0.5;0.01;23111;Benjamin Bourigeaud - 10;Tomáš Koubek;17-18;28;49.9;38;22214;1784;6026;11239;5192;589;22206;352;592;59.5;636;417;13679;1044
13;Roma;it ITA;3;38;23;8;7;61;28;33;77;2.03;63.4;37.2;26.2;0.69;3745;Edin Džeko - 16;Alisson;17-18;27;58;38;25471;2178;6787;12201;6785;940;25465;411;681;60.4;574;413;17257;1448
36;Saint-Étienne;fr FRA;7;38;15;10;13;47;50;-3;55;1.45;51;54.1;-3.1;-0.08;27563;Jonathan Bamba, Robert Beri?... - 7;Stéphane Ruffier;17-18;30;51.3;38;23145;2384;7494;11125;4748;626;23134;371;584;63.5;496;489;14882;1081
41;Sampdoria;it ITA;10;38;16;6;16;56;60;-4;54;1.42;53.5;60.3;-6.8;-0.18;20156;Fabio Quagliarella - 19;Emiliano Viviano;17-18;27;53.6;38;24279;2326;6875;12073;5603;723;24271;357;572;62.4;568;414;16037;1308
66;Sassuolo;it ITA;11;38;11;10;17;29;59;-30;43;1.13;46.3;48.9;-2.6;-0.07;11237;Matteo Politano - 10;Andrea Consigli;17-18;28;42.9;38;19959;2291;6498;8747;5030;599;19949;330;538;61.3;459;428;11427;1059
19;Schalke 04;de GER;2;34;18;9;7;53;37;16;63;1.85;46.7;40.2;6.6;0.19;61197;Guido Burgstaller - 11;Ralf Fährmann;17-18;24;46.6;34;19509;1768;5990;10111;3686;619;19499;315;740;42.6;394;290;11965;931
31;Sevilla;es ESP;7;38;17;7;14;49;58;-9;58;1.53;59.5;54.4;5.2;0.14;33006;Wissam Ben Yedder - 9;Sergio Rico;17-18;31;54.3;38;24532;2102;7247;11631;5931;946;24527;392;661;59.3;499;430;16201;1279
85;Southampton;eng ENG;17;38;7;15;16;37;56;-19;36;0.95;39.9;45.2;-5.3;-0.14;30794;Charlie Austin - 7;Fraser Forster;17-18;26;51.3;38;23078;2062;6339;11412;5589;698;23075;379;531;71.4;495;379;14124;1130
78;SPAL;it ITA;17;38;8;14;16;39;59;-20;38;1;35.8;57.7;-21.9;-0.58;12067;Mirco Antenucci - 11;Alfred Gomis;17-18;29;44.7;38;19956;2360;6974;9112;4112;507;19951;313;531;58.9;471;358;11999;889
90;Stoke City;eng ENG;19;38;7;12;19;35;68;-33;33;0.87;36.5;62.5;-26;-0.69;2928;Xherdan Shaqiri - 8;Jack Butland;17-18;30;41.4;38;18885;2513;6398;8529;4222;593;18882;325;507;64.1;532;403;9933;861
79;Strasbourg;fr FRA;15;38;9;11;18;44;67;-23;38;1;45.5;58.4;-12.9;-0.34;24064;Stéphane Bahoken - 7;Bingourou Kamara;17-18;25;49.1;38;21043;2077;6924;9897;4495;623;21036;380;634;59.9;612;397;12598;937
33;Stuttgart;de GER;7;34;15;6;13;36;36;0;51;1.5;40.3;43.5;-3.1;-0.09;56045;Mario Gómez - 8;Ron-Robert Zieler;17-18;26;46.6;34;19696;2054;6724;9152;4019;528;19693;237;539;44;315;274;11993;753
89;Swansea City;eng ENG;18;38;8;9;21;28;56;-28;33;0.87;31.6;58.6;-27;-0.71;20623;Jordan Ayew - 7;?ukasz Fabia?ski;17-18;26;45.3;38;21191;2452;7069;9865;4489;529;21190;318;523;60.8;503;439;13047;844
38;Torino;it ITA;9;38;13;15;10;54;46;8;54;1.42;46;47;-1;-0.03;18596;Iago Falque - 12;Salvatore Sirigu;17-18;27;51.1;38;22596;2432;7367;10653;4858;676;22594;418;677;61.7;579;478;14379;1019
11;Tottenham;eng ENG;3;38;23;8;7;74;36;38;77;2.03;64.7;33.9;30.8;0.81;67953;Harry Kane - 30;Hugo Lloris;17-18;25;61.8;38;27705;2087;7159;13440;7379;938;27702;436;719;60.6;534;460;19042;1650
83;Toulouse;fr FRA;18;38;9;10;19;38;54;-16;37;0.97;45.5;52.1;-6.6;-0.17;16929;Max Gradel - 8;Alban Lafont;17-18;25;45.7;38;19856;2017;6039;9237;4849;645;19845;392;682;57.5;582;402;11201;1018
88;Troyes;fr FRA;19;38;9;6;23;32;59;-27;33;0.87;38;52;-14;-0.37;11723;Adama Niane - 8;Mamadou Samassa;17-18;25;42.6;38;20505;2290;7274;8905;4552;524;20502;311;568;54.8;558;393;11868;961
73;Udinese;it ITA;14;38;12;4;22;48;63;-15;40;1.05;43.2;49.3;-6.1;-0.16;17906;Kevin Lasagna - 12;Albano Bizzarri;17-18;27;44.7;38;20887;2259;6787;10026;4324;596;20880;313;543;57.6;493;376;12549;1022
16;Valencia;es ESP;4;38;22;7;9;65;38;27;73;1.92;56;48.3;7.7;0.2;38607;Rodrigo - 16;Neto;17-18;25;48.6;38;22130;2171;7100;10287;5010;735;22122;428;699;61.2;539;475;14143;1141
26;Villarreal;es ESP;5;38;18;7;13;57;50;7;61;1.61;53.2;53.4;-0.2;0;16779;Carlos Bacca - 15;Sergio Asenjo;17-18;32;50.4;38;22899;2300;7623;10746;4761;696;22894;328;575;57;464;393;14846;1079
70;Watford;eng ENG;14;38;11;8;19;44;64;-20;41;1.08;45;51.8;-6.8;-0.18;20231;Abdoulaye Doucouré - 7;Heurelho Gomes;17-18;29;49.7;38;21628;2101;6330;10194;5338;778;21622;332;565;58.8;547;410;12556;1027
53;Werder Bremen;de GER;11;34;10;12;12;37;40;-3;42;1.24;38.9;45.1;-6.2;-0.18;38726;Max Kruse - 6;Ji?í Pavlenka;17-18;25;47.4;34;19470;1918;5871;9420;4369;611;19470;204;477;42.8;317;341;11853;1090
91;West Brom;eng ENG;20;38;6;13;19;31;56;-25;31;0.82;36.5;47.9;-11.4;-0.3;2452;Jay Rodriguez, Salomón Rondón - 7;Ben Foster;17-18;24;40.7;38;19132;2311;6723;8196;4425;584;19131;321;527;60.9;532;446;10303;772
67;West Ham;eng ENG;13;38;10;12;16;48;68;-20;42;1.11;36.7;55.1;-18.4;-0.48;56885;Marko Arnautovi? - 11;Joe Hart, Adrián;17-18;27;45.2;38;20404;2280;6224;9832;4602;590;20400;423;642;65.9;503;389;11584;819
82;Wolfsburg;de GER;16;34;6;15;13;36;48;-12;33;0.97;34.2;52;-17.8;-0.52;25712;Daniel Didavi - 9;Koen Casteels;17-18;29;49.3;34;19833;2220;6836;9453;3742;452;19828;220;451;48.8;366;383;12701;975
